シート,セル,修正前,修正後,修正理由
ビジとり,C24,,新規受注数（当月）,追加行：累計獲得数の当月増分
ビジとり,D24,,＝当月の累計獲得数(12行)－前月の累計獲得数。税理士獲得ロジック(×35等)は別途検討中のため、既存ファネルを流用,説明
ビジとり,C25,,期末契約社数（ストック）,追加行：売上計算の基礎となる契約社数
ビジとり,D25,,＝前月末契約社数＋新規受注数－解約予想数。売上＝本行×単価,説明
ビジとり,C12,１税理士 / 受注数,１税理士 / 受注数（累計獲得数・解約前）,ストック化に伴い、本行は解約前の累計獲得数（ファネル）と定義
ビジとり,F12,=PRODUCT(F6:F11) - F19,=PRODUCT(F6:F11),累計獲得数＝顧問先×各種率（PRODUCTで統一、解約は下のストック計算で控除）
ビジとり,F24,,=F12,新規受注＝累計獲得数の当月増分
ビジとり,F19,=F20*PRODUCT(F6:F11),0,期初（前月契約なし）
ビジとり,F25,,=F24-F19,期末契約＝前月末＋新規－解約
ビジとり,F5,=F12*F14*12,=F25*F14,月次売上＝期末契約社数×月額500円(14行)
ビジとり,F16,=F14*F12,=F13*F25,紹介費用の受注数参照を期末契約社数（月次）に統一
ビジとり,G12,=PRODUCT(G6:G11) - G19,=PRODUCT(G6:G11),累計獲得数＝顧問先×各種率（PRODUCTで統一、解約は下のストック計算で控除）
ビジとり,G24,,=G12-F12,新規受注＝累計獲得数の当月増分
ビジとり,G19,=G20*PRODUCT(G6:G11),=F25*G20,解約＝前月末契約社数×月次解約率（ストック型）
ビジとり,G25,,=F25+G24-G19,期末契約＝前月末＋新規－解約
ビジとり,G5,=G12*G14*12,=G25*G14,月次売上＝期末契約社数×月額500円(14行)
ビジとり,G16,=G13*G12,=G13*G25,紹介費用の受注数参照を期末契約社数（月次）に統一
ビジとり,H12,=PRODUCT(H6:H11) - H19,=PRODUCT(H6:H11),累計獲得数＝顧問先×各種率（PRODUCTで統一、解約は下のストック計算で控除）
ビジとり,H24,,=H12-G12,新規受注＝累計獲得数の当月増分
ビジとり,H19,=H20*PRODUCT(H6:H11),=G25*H20,解約＝前月末契約社数×月次解約率（ストック型）
ビジとり,H25,,=G25+H24-H19,期末契約＝前月末＋新規－解約
ビジとり,H5,=H12*H14*12,=H25*H14,月次売上＝期末契約社数×月額500円(14行)
ビジとり,H16,=H13*H12,=H13*H25,紹介費用の受注数参照を期末契約社数（月次）に統一
ビジとり,I12,=PRODUCT(I6:I11) - I19,=PRODUCT(I6:I11),累計獲得数＝顧問先×各種率（PRODUCTで統一、解約は下のストック計算で控除）
ビジとり,I24,,=I12-H12,新規受注＝累計獲得数の当月増分
ビジとり,I19,1,=H25*I20,解約＝前月末契約社数×月次解約率（ストック型）
ビジとり,I25,,=H25+I24-I19,期末契約＝前月末＋新規－解約
ビジとり,I5,=I12*I14*12,=I25*I14,月次売上＝期末契約社数×月額500円(14行)
ビジとり,I16,=I13*I12,=I13*I25,紹介費用の受注数参照を期末契約社数（月次）に統一
ビジとり,J12,=PRODUCT(J6:J11) - J19,=PRODUCT(J6:J11),累計獲得数＝顧問先×各種率（PRODUCTで統一、解約は下のストック計算で控除）
ビジとり,J24,,=J12-I12,新規受注＝累計獲得数の当月増分
ビジとり,J19,1,=I25*J20,解約＝前月末契約社数×月次解約率（ストック型）
ビジとり,J25,,=I25+J24-J19,期末契約＝前月末＋新規－解約
ビジとり,J5,=J12*J14*12,=J25*J14,月次売上＝期末契約社数×月額500円(14行)
ビジとり,J16,=J13*J12,=J13*J25,紹介費用の受注数参照を期末契約社数（月次）に統一
ビジとり,K12,=PRODUCT(K6:K11) - K19,=PRODUCT(K6:K11),累計獲得数＝顧問先×各種率（PRODUCTで統一、解約は下のストック計算で控除）
ビジとり,K24,,=K12-J12,新規受注＝累計獲得数の当月増分
ビジとり,K19,1,=J25*K20,解約＝前月末契約社数×月次解約率（ストック型）
ビジとり,K25,,=J25+K24-K19,期末契約＝前月末＋新規－解約
ビジとり,K5,=K12*K14*12,=K25*K14,月次売上＝期末契約社数×月額500円(14行)
ビジとり,K16,=K13*K12,=K13*K25,紹介費用の受注数参照を期末契約社数（月次）に統一
ビジとり,L12,=PRODUCT(L6:L11) - L19,=PRODUCT(L6:L11),累計獲得数＝顧問先×各種率（PRODUCTで統一、解約は下のストック計算で控除）
ビジとり,L24,,=L12-K12,新規受注＝累計獲得数の当月増分
ビジとり,L19,2,=K25*L20,解約＝前月末契約社数×月次解約率（ストック型）
ビジとり,L25,,=K25+L24-L19,期末契約＝前月末＋新規－解約
ビジとり,L5,=L12*L14*12,=L25*L14,月次売上＝期末契約社数×月額500円(14行)
ビジとり,L16,=L13*L12,=L13*L25,紹介費用の受注数参照を期末契約社数（月次）に統一
ビジとり,M12,=PRODUCT(M6:M11) - M19,=PRODUCT(M6:M11),累計獲得数＝顧問先×各種率（PRODUCTで統一、解約は下のストック計算で控除）
ビジとり,M24,,=M12-L12,新規受注＝累計獲得数の当月増分
ビジとり,M19,2,=L25*M20,解約＝前月末契約社数×月次解約率（ストック型）
ビジとり,M25,,=L25+M24-M19,期末契約＝前月末＋新規－解約
ビジとり,M5,=M12*M14*12,=M25*M14,月次売上＝期末契約社数×月額500円(14行)
ビジとり,M16,=M13*M12,=M13*M25,紹介費用の受注数参照を期末契約社数（月次）に統一
ビジとり,N12,=PRODUCT(N6:N11) - N19,=PRODUCT(N6:N11),累計獲得数＝顧問先×各種率（PRODUCTで統一、解約は下のストック計算で控除）
ビジとり,N24,,=N12-M12,新規受注＝累計獲得数の当月増分
ビジとり,N19,3,=M25*N20,解約＝前月末契約社数×月次解約率（ストック型）
ビジとり,N25,,=M25+N24-N19,期末契約＝前月末＋新規－解約
ビジとり,N5,=N12*N14*12,=N25*N14,月次売上＝期末契約社数×月額500円(14行)
ビジとり,N16,=N13*N12,=N13*N25,紹介費用の受注数参照を期末契約社数（月次）に統一
ビジとり,O12,=PRODUCT(O6:O11) - O19,=PRODUCT(O6:O11),累計獲得数＝顧問先×各種率（PRODUCTで統一、解約は下のストック計算で控除）
ビジとり,O24,,=O12-N12,新規受注＝累計獲得数の当月増分
ビジとり,O19,3,=N25*O20,解約＝前月末契約社数×月次解約率（ストック型）
ビジとり,O25,,=N25+O24-O19,期末契約＝前月末＋新規－解約
ビジとり,O5,=O12*O14*12,=O25*O14,月次売上＝期末契約社数×月額500円(14行)
ビジとり,O16,=O13*O12,=O13*O25,紹介費用の受注数参照を期末契約社数（月次）に統一
ビジとり,P12,=PRODUCT(P6:P11) - P19,=PRODUCT(P6:P11),累計獲得数＝顧問先×各種率（PRODUCTで統一、解約は下のストック計算で控除）
ビジとり,P24,,=P12-O12,新規受注＝累計獲得数の当月増分
ビジとり,P19,4,=O25*P20,解約＝前月末契約社数×月次解約率（ストック型）
ビジとり,P25,,=O25+P24-P19,期末契約＝前月末＋新規－解約
ビジとり,P5,=P12*P14*12,=P25*P14,月次売上＝期末契約社数×月額500円(14行)
ビジとり,P16,=P13*P12,=P13*P25,紹介費用の受注数参照を期末契約社数（月次）に統一
ビジとり,Q12,=PRODUCT(Q6:Q11) - Q19,=PRODUCT(Q6:Q11),累計獲得数＝顧問先×各種率（PRODUCTで統一、解約は下のストック計算で控除）
ビジとり,Q24,,=Q12-P12,新規受注＝累計獲得数の当月増分
ビジとり,Q19,4,=P25*Q20,解約＝前月末契約社数×月次解約率（ストック型）
ビジとり,Q25,,=P25+Q24-Q19,期末契約＝前月末＋新規－解約
ビジとり,Q5,=Q12*Q14*12,=Q25*Q14,月次売上＝期末契約社数×月額500円(14行)
ビジとり,Q16,=Q13*Q12,=Q13*Q25,紹介費用の受注数参照を期末契約社数（月次）に統一
ビジとり,R12,=PRODUCT(R6:R11) - R19,=PRODUCT(R6:R11),累計獲得数＝顧問先×各種率（PRODUCTで統一、解約は下のストック計算で控除）
ビジとり,R24,,=R12-Q12,新規受注＝累計獲得数の当月増分
ビジとり,R19,5,=Q25*R20,解約＝前月末契約社数×月次解約率（ストック型）
ビジとり,R25,,=Q25+R24-R19,期末契約＝前月末＋新規－解約
ビジとり,R5,=R12*R14*12,=R25*R14,月次売上＝期末契約社数×月額500円(14行)
ビジとり,R16,=R13*R12,=R13*R25,紹介費用の受注数参照を期末契約社数（月次）に統一
ビジとり,S12,=PRODUCT(S6:S11) - S19,=PRODUCT(S6:S11),累計獲得数＝顧問先×各種率（PRODUCTで統一、解約は下のストック計算で控除）
ビジとり,S24,,=S12-R12,新規受注＝累計獲得数の当月増分
ビジとり,S19,5,=R25*S20,解約＝前月末契約社数×月次解約率（ストック型）
ビジとり,S25,,=R25+S24-S19,期末契約＝前月末＋新規－解約
ビジとり,S5,=S12*S14*12,=S25*S14,月次売上＝期末契約社数×月額500円(14行)
ビジとり,S16,=S13*S12,=S13*S25,紹介費用の受注数参照を期末契約社数（月次）に統一
ビジとり,T12,=PRODUCT(T6:T11) - T19,=PRODUCT(T6:T11),累計獲得数＝顧問先×各種率（PRODUCTで統一、解約は下のストック計算で控除）
ビジとり,T24,,=T12-S12,新規受注＝累計獲得数の当月増分
ビジとり,T19,6,=S25*T20,解約＝前月末契約社数×月次解約率（ストック型）
ビジとり,T25,,=S25+T24-T19,期末契約＝前月末＋新規－解約
ビジとり,T5,=T12*T14*12,=T25*T14,月次売上＝期末契約社数×月額500円(14行)
ビジとり,T16,=T13*T12,=T13*T25,紹介費用の受注数参照を期末契約社数（月次）に統一
ビジとり,U12,=PRODUCT(U6:U11) - U19,=PRODUCT(U6:U11),累計獲得数＝顧問先×各種率（PRODUCTで統一、解約は下のストック計算で控除）
ビジとり,U24,,=U12-T12,新規受注＝累計獲得数の当月増分
ビジとり,U19,6,=T25*U20,解約＝前月末契約社数×月次解約率（ストック型）
ビジとり,U25,,=T25+U24-U19,期末契約＝前月末＋新規－解約
ビジとり,U5,=U12*U14*12,=U25*U14,月次売上＝期末契約社数×月額500円(14行)
ビジとり,U16,=U13*U12,=U13*U25,紹介費用の受注数参照を期末契約社数（月次）に統一
ビジとり,V12,=PRODUCT(V6:V11) - V19,=PRODUCT(V6:V11),累計獲得数＝顧問先×各種率（PRODUCTで統一、解約は下のストック計算で控除）
ビジとり,V24,,=V12-U12,新規受注＝累計獲得数の当月増分
ビジとり,V19,7,=U25*V20,解約＝前月末契約社数×月次解約率（ストック型）
ビジとり,V25,,=U25+V24-V19,期末契約＝前月末＋新規－解約
ビジとり,V5,=V12*V14*12,=V25*V14,月次売上＝期末契約社数×月額500円(14行)
ビジとり,V16,=V13*V12,=V13*V25,紹介費用の受注数参照を期末契約社数（月次）に統一
ビジとり,W12,=PRODUCT(W6:W11) - W19,=PRODUCT(W6:W11),累計獲得数＝顧問先×各種率（PRODUCTで統一、解約は下のストック計算で控除）
ビジとり,W24,,=W12-V12,新規受注＝累計獲得数の当月増分
ビジとり,W19,7,=V25*W20,解約＝前月末契約社数×月次解約率（ストック型）
ビジとり,W25,,=V25+W24-W19,期末契約＝前月末＋新規－解約
ビジとり,W5,=W12*W14*12,=W25*W14,月次売上＝期末契約社数×月額500円(14行)
ビジとり,W16,=W13*W12,=W13*W25,紹介費用の受注数参照を期末契約社数（月次）に統一
ビジとり,X12,=PRODUCT(X6:X11) - X19,=PRODUCT(X6:X11),累計獲得数＝顧問先×各種率（PRODUCTで統一、解約は下のストック計算で控除）
ビジとり,X24,,=X12-W12,新規受注＝累計獲得数の当月増分
ビジとり,X19,8,=W25*X20,解約＝前月末契約社数×月次解約率（ストック型）
ビジとり,X25,,=W25+X24-X19,期末契約＝前月末＋新規－解約
ビジとり,X5,=X12*X14*12,=X25*X14,月次売上＝期末契約社数×月額500円(14行)
ビジとり,X16,=X13*X12,=X13*X25,紹介費用の受注数参照を期末契約社数（月次）に統一
ビジとり,Y12,=PRODUCT(Y6:Y11) - Y19,=PRODUCT(Y6:Y11),累計獲得数＝顧問先×各種率（PRODUCTで統一、解約は下のストック計算で控除）
ビジとり,Y24,,=Y12-X12,新規受注＝累計獲得数の当月増分
ビジとり,Y19,8,=X25*Y20,解約＝前月末契約社数×月次解約率（ストック型）
ビジとり,Y25,,=X25+Y24-Y19,期末契約＝前月末＋新規－解約
ビジとり,Y5,=Y12*Y14*12,=Y25*Y14,月次売上＝期末契約社数×月額500円(14行)
ビジとり,Y16,=Y13*Y12,=Y13*Y25,紹介費用の受注数参照を期末契約社数（月次）に統一
ビジとり,Z12,=PRODUCT(Z6:Z11) - Z19,=PRODUCT(Z6:Z11),累計獲得数＝顧問先×各種率（PRODUCTで統一、解約は下のストック計算で控除）
ビジとり,Z24,,=Z12-Y12,新規受注＝累計獲得数の当月増分
ビジとり,Z19,9,=Y25*Z20,解約＝前月末契約社数×月次解約率（ストック型）
ビジとり,Z25,,=Y25+Z24-Z19,期末契約＝前月末＋新規－解約
ビジとり,Z5,=Z12*Z14*12,=Z25*Z14,月次売上＝期末契約社数×月額500円(14行)
ビジとり,Z16,=Z13*Z12,=Z13*Z25,紹介費用の受注数参照を期末契約社数（月次）に統一
ビジとり,AA12,=PRODUCT(AA6:AA11) - AA19,=PRODUCT(AA6:AA11),累計獲得数＝顧問先×各種率（PRODUCTで統一、解約は下のストック計算で控除）
ビジとり,AA24,,=AA12-Z12,新規受注＝累計獲得数の当月増分
ビジとり,AA19,9,=Z25*AA20,解約＝前月末契約社数×月次解約率（ストック型）
ビジとり,AA25,,=Z25+AA24-AA19,期末契約＝前月末＋新規－解約
ビジとり,AA5,=AA12*AA14*12,=AA25*AA14,月次売上＝期末契約社数×月額500円(14行)
ビジとり,AA16,=AA13*AA12,=AA13*AA25,紹介費用の受注数参照を期末契約社数（月次）に統一
ビジとり,AB12,=PRODUCT(AB6:AB11) - AB19,=PRODUCT(AB6:AB11),累計獲得数＝顧問先×各種率（PRODUCTで統一、解約は下のストック計算で控除）
ビジとり,AB24,,=AB12-AA12,新規受注＝累計獲得数の当月増分
ビジとり,AB19,10,=AA25*AB20,解約＝前月末契約社数×月次解約率（ストック型）
ビジとり,AB25,,=AA25+AB24-AB19,期末契約＝前月末＋新規－解約
ビジとり,AB5,=AB12*AB14*12,=AB25*AB14,月次売上＝期末契約社数×月額500円(14行)
ビジとり,AB16,=AB13*AB12,=AB13*AB25,紹介費用の受注数参照を期末契約社数（月次）に統一
ビジとり,AC12,=PRODUCT(AC6:AC11) - AC19,=PRODUCT(AC6:AC11),累計獲得数＝顧問先×各種率（PRODUCTで統一、解約は下のストック計算で控除）
ビジとり,AC24,,=AC12-AB12,新規受注＝累計獲得数の当月増分
ビジとり,AC19,11,=AB25*AC20,解約＝前月末契約社数×月次解約率（ストック型）
ビジとり,AC25,,=AB25+AC24-AC19,期末契約＝前月末＋新規－解約
ビジとり,AC5,=AC12*AC14*12,=AC25*AC14,月次売上＝期末契約社数×月額500円(14行)
ビジとり,AC16,=AC13*AC12,=AC13*AC25,紹介費用の受注数参照を期末契約社数（月次）に統一
ビジとり,AD12,=PRODUCT(AD6:AD11) - AD19,=PRODUCT(AD6:AD11),累計獲得数＝顧問先×各種率（PRODUCTで統一、解約は下のストック計算で控除）
ビジとり,AD24,,=AD12-AC12,新規受注＝累計獲得数の当月増分
ビジとり,AD19,8,=AC25*AD20,解約＝前月末契約社数×月次解約率（ストック型）
ビジとり,AD25,,=AC25+AD24-AD19,期末契約＝前月末＋新規－解約
ビジとり,AD5,=AD12*AD14*12,=AD25*AD14,月次売上＝期末契約社数×月額500円(14行)
ビジとり,AD20,0.015,0.0175,月次解約率：Y1-2 2.0%／Y3-4 1.75%／Y5 1.5%（B2B SaaSで現実的な1.5〜2.0%帯、年数とともに逓減）
ビジとり,AD16,=AD13*AD12,=AD13*AD25,紹介費用の受注数参照を期末契約社数（月次）に統一
ビジとり,AE12,=PRODUCT(AE6:AE11) - AE19,=PRODUCT(AE6:AE11),累計獲得数＝顧問先×各種率（PRODUCTで統一、解約は下のストック計算で控除）
ビジとり,AE24,,=AE12-AD12,新規受注＝累計獲得数の当月増分
ビジとり,AE19,9,=AD25*AE20,解約＝前月末契約社数×月次解約率（ストック型）
ビジとり,AE25,,=AD25+AE24-AE19,期末契約＝前月末＋新規－解約
ビジとり,AE5,=AE12*AE14*12,=AE25*AE14,月次売上＝期末契約社数×月額500円(14行)
ビジとり,AE20,0.015,0.0175,月次解約率：Y1-2 2.0%／Y3-4 1.75%／Y5 1.5%（B2B SaaSで現実的な1.5〜2.0%帯、年数とともに逓減）
ビジとり,AE16,=AE13*AE12,=AE13*AE25,紹介費用の受注数参照を期末契約社数（月次）に統一
ビジとり,AF12,=PRODUCT(AF6:AF11) - AF19,=PRODUCT(AF6:AF11),累計獲得数＝顧問先×各種率（PRODUCTで統一、解約は下のストック計算で控除）
ビジとり,AF24,,=AF12-AE12,新規受注＝累計獲得数の当月増分
ビジとり,AF19,9,=AE25*AF20,解約＝前月末契約社数×月次解約率（ストック型）
ビジとり,AF25,,=AE25+AF24-AF19,期末契約＝前月末＋新規－解約
ビジとり,AF5,=AF12*AF14*12,=AF25*AF14,月次売上＝期末契約社数×月額500円(14行)
ビジとり,AF20,0.015,0.0175,月次解約率：Y1-2 2.0%／Y3-4 1.75%／Y5 1.5%（B2B SaaSで現実的な1.5〜2.0%帯、年数とともに逓減）
ビジとり,AF16,=AF13*AF12,=AF13*AF25,紹介費用の受注数参照を期末契約社数（月次）に統一
ビジとり,AG12,=PRODUCT(AG6:AG11) - AG19,=PRODUCT(AG6:AG11),累計獲得数＝顧問先×各種率（PRODUCTで統一、解約は下のストック計算で控除）
ビジとり,AG24,,=AG12-AF12,新規受注＝累計獲得数の当月増分
ビジとり,AG19,10,=AF25*AG20,解約＝前月末契約社数×月次解約率（ストック型）
ビジとり,AG25,,=AF25+AG24-AG19,期末契約＝前月末＋新規－解約
ビジとり,AG5,=AG12*AG14*12,=AG25*AG14,月次売上＝期末契約社数×月額500円(14行)
ビジとり,AG20,0.015,0.0175,月次解約率：Y1-2 2.0%／Y3-4 1.75%／Y5 1.5%（B2B SaaSで現実的な1.5〜2.0%帯、年数とともに逓減）
ビジとり,AG16,=AG13*AG12,=AG13*AG25,紹介費用の受注数参照を期末契約社数（月次）に統一
ビジとり,AH12,=PRODUCT(AH6:AH11) - AH19,=PRODUCT(AH6:AH11),累計獲得数＝顧問先×各種率（PRODUCTで統一、解約は下のストック計算で控除）
ビジとり,AH24,,=AH12-AG12,新規受注＝累計獲得数の当月増分
ビジとり,AH19,11,=AG25*AH20,解約＝前月末契約社数×月次解約率（ストック型）
ビジとり,AH25,,=AG25+AH24-AH19,期末契約＝前月末＋新規－解約
ビジとり,AH5,=AH12*AH14*12,=AH25*AH14,月次売上＝期末契約社数×月額500円(14行)
ビジとり,AH20,0.015,0.0175,月次解約率：Y1-2 2.0%／Y3-4 1.75%／Y5 1.5%（B2B SaaSで現実的な1.5〜2.0%帯、年数とともに逓減）
ビジとり,AH16,=AH13*AH12,=AH13*AH25,紹介費用の受注数参照を期末契約社数（月次）に統一
ビジとり,AI12,=PRODUCT(AI6:AI11) - AI19,=PRODUCT(AI6:AI11),累計獲得数＝顧問先×各種率（PRODUCTで統一、解約は下のストック計算で控除）
ビジとり,AI24,,=AI12-AH12,新規受注＝累計獲得数の当月増分
ビジとり,AI19,11,=AH25*AI20,解約＝前月末契約社数×月次解約率（ストック型）
ビジとり,AI25,,=AH25+AI24-AI19,期末契約＝前月末＋新規－解約
ビジとり,AI5,=AI12*AI14*12,=AI25*AI14,月次売上＝期末契約社数×月額500円(14行)
ビジとり,AI20,0.015,0.0175,月次解約率：Y1-2 2.0%／Y3-4 1.75%／Y5 1.5%（B2B SaaSで現実的な1.5〜2.0%帯、年数とともに逓減）
ビジとり,AI16,=AI13*AI12,=AI13*AI25,紹介費用の受注数参照を期末契約社数（月次）に統一
ビジとり,AJ12,=PRODUCT(AJ6:AJ11) - AJ19,=PRODUCT(AJ6:AJ11),累計獲得数＝顧問先×各種率（PRODUCTで統一、解約は下のストック計算で控除）
ビジとり,AJ24,,=AJ12-AI12,新規受注＝累計獲得数の当月増分
ビジとり,AJ19,12,=AI25*AJ20,解約＝前月末契約社数×月次解約率（ストック型）
ビジとり,AJ25,,=AI25+AJ24-AJ19,期末契約＝前月末＋新規－解約
ビジとり,AJ5,=AJ12*AJ14*12,=AJ25*AJ14,月次売上＝期末契約社数×月額500円(14行)
ビジとり,AJ20,0.015,0.0175,月次解約率：Y1-2 2.0%／Y3-4 1.75%／Y5 1.5%（B2B SaaSで現実的な1.5〜2.0%帯、年数とともに逓減）
ビジとり,AJ16,=AJ13*AJ12,=AJ13*AJ25,紹介費用の受注数参照を期末契約社数（月次）に統一
ビジとり,AK12,=PRODUCT(AK6:AK11) - AK19,=PRODUCT(AK6:AK11),累計獲得数＝顧問先×各種率（PRODUCTで統一、解約は下のストック計算で控除）
ビジとり,AK24,,=AK12-AJ12,新規受注＝累計獲得数の当月増分
ビジとり,AK19,12,=AJ25*AK20,解約＝前月末契約社数×月次解約率（ストック型）
ビジとり,AK25,,=AJ25+AK24-AK19,期末契約＝前月末＋新規－解約
ビジとり,AK5,=AK12*AK14*12,=AK25*AK14,月次売上＝期末契約社数×月額500円(14行)
ビジとり,AK20,0.015,0.0175,月次解約率：Y1-2 2.0%／Y3-4 1.75%／Y5 1.5%（B2B SaaSで現実的な1.5〜2.0%帯、年数とともに逓減）
ビジとり,AK16,=AK13*AK12,=AK13*AK25,紹介費用の受注数参照を期末契約社数（月次）に統一
ビジとり,AL12,=PRODUCT(AL6:AL11) - AL19,=PRODUCT(AL6:AL11),累計獲得数＝顧問先×各種率（PRODUCTで統一、解約は下のストック計算で控除）
ビジとり,AL24,,=AL12-AK12,新規受注＝累計獲得数の当月増分
ビジとり,AL19,13,=AK25*AL20,解約＝前月末契約社数×月次解約率（ストック型）
ビジとり,AL25,,=AK25+AL24-AL19,期末契約＝前月末＋新規－解約
ビジとり,AL5,=AL12*AL14*12,=AL25*AL14,月次売上＝期末契約社数×月額500円(14行)
ビジとり,AL20,0.015,0.0175,月次解約率：Y1-2 2.0%／Y3-4 1.75%／Y5 1.5%（B2B SaaSで現実的な1.5〜2.0%帯、年数とともに逓減）
ビジとり,AL16,=AL13*AL12,=AL13*AL25,紹介費用の受注数参照を期末契約社数（月次）に統一
ビジとり,AM12,=PRODUCT(AM6:AM11) - AM19,=PRODUCT(AM6:AM11),累計獲得数＝顧問先×各種率（PRODUCTで統一、解約は下のストック計算で控除）
ビジとり,AM24,,=AM12-AL12,新規受注＝累計獲得数の当月増分
ビジとり,AM19,13,=AL25*AM20,解約＝前月末契約社数×月次解約率（ストック型）
ビジとり,AM25,,=AL25+AM24-AM19,期末契約＝前月末＋新規－解約
ビジとり,AM5,=AM12*AM14*12,=AM25*AM14,月次売上＝期末契約社数×月額500円(14行)
ビジとり,AM20,0.015,0.0175,月次解約率：Y1-2 2.0%／Y3-4 1.75%／Y5 1.5%（B2B SaaSで現実的な1.5〜2.0%帯、年数とともに逓減）
ビジとり,AM16,=AM13*AM12,=AM13*AM25,紹介費用の受注数参照を期末契約社数（月次）に統一
ビジとり,AN12,=PRODUCT(AN6:AN11) - AN19,=PRODUCT(AN6:AN11),累計獲得数＝顧問先×各種率（PRODUCTで統一、解約は下のストック計算で控除）
ビジとり,AN24,,=AN12-AM12,新規受注＝累計獲得数の当月増分
ビジとり,AN19,14,=AM25*AN20,解約＝前月末契約社数×月次解約率（ストック型）
ビジとり,AN25,,=AM25+AN24-AN19,期末契約＝前月末＋新規－解約
ビジとり,AN5,=AN12*AN14*12,=AN25*AN14,月次売上＝期末契約社数×月額500円(14行)
ビジとり,AN20,0.015,0.0175,月次解約率：Y1-2 2.0%／Y3-4 1.75%／Y5 1.5%（B2B SaaSで現実的な1.5〜2.0%帯、年数とともに逓減）
ビジとり,AN16,=AN13*AN12,=AN13*AN25,紹介費用の受注数参照を期末契約社数（月次）に統一
ビジとり,AO12,=PRODUCT(AO6:AO11) - AO19,=PRODUCT(AO6:AO11),累計獲得数＝顧問先×各種率（PRODUCTで統一、解約は下のストック計算で控除）
ビジとり,AO24,,=AO12-AN12,新規受注＝累計獲得数の当月増分
ビジとり,AO19,15,=AN25*AO20,解約＝前月末契約社数×月次解約率（ストック型）
ビジとり,AO25,,=AN25+AO24-AO19,期末契約＝前月末＋新規－解約
ビジとり,AO5,=AO12*AO14*12,=AO25*AO14,月次売上＝期末契約社数×月額500円(14行)
ビジとり,AO20,0.015,0.0175,月次解約率：Y1-2 2.0%／Y3-4 1.75%／Y5 1.5%（B2B SaaSで現実的な1.5〜2.0%帯、年数とともに逓減）
ビジとり,AO16,=AO13*AO12,=AO13*AO25,紹介費用の受注数参照を期末契約社数（月次）に統一
ビジとり,AP12,=PRODUCT(AP6:AP11) - AP19,=PRODUCT(AP6:AP11),累計獲得数＝顧問先×各種率（PRODUCTで統一、解約は下のストック計算で控除）
ビジとり,AP24,,=AP12-AO12,新規受注＝累計獲得数の当月増分
ビジとり,AP19,15,=AO25*AP20,解約＝前月末契約社数×月次解約率（ストック型）
ビジとり,AP25,,=AO25+AP24-AP19,期末契約＝前月末＋新規－解約
ビジとり,AP5,=AP12*AP14*12,=AP25*AP14,月次売上＝期末契約社数×月額500円(14行)
ビジとり,AP20,0.015,0.0175,月次解約率：Y1-2 2.0%／Y3-4 1.75%／Y5 1.5%（B2B SaaSで現実的な1.5〜2.0%帯、年数とともに逓減）
ビジとり,AP16,=AP13*AP12,=AP13*AP25,紹介費用の受注数参照を期末契約社数（月次）に統一
ビジとり,AQ12,=PRODUCT(AQ6:AQ11) - AQ19,=PRODUCT(AQ6:AQ11),累計獲得数＝顧問先×各種率（PRODUCTで統一、解約は下のストック計算で控除）
ビジとり,AQ24,,=AQ12-AP12,新規受注＝累計獲得数の当月増分
ビジとり,AQ19,16,=AP25*AQ20,解約＝前月末契約社数×月次解約率（ストック型）
ビジとり,AQ25,,=AP25+AQ24-AQ19,期末契約＝前月末＋新規－解約
ビジとり,AQ5,=AQ12*AQ14*12,=AQ25*AQ14,月次売上＝期末契約社数×月額500円(14行)
ビジとり,AQ20,0.015,0.0175,月次解約率：Y1-2 2.0%／Y3-4 1.75%／Y5 1.5%（B2B SaaSで現実的な1.5〜2.0%帯、年数とともに逓減）
ビジとり,AQ16,=AQ13*AQ12,=AQ13*AQ25,紹介費用の受注数参照を期末契約社数（月次）に統一
ビジとり,AR12,=PRODUCT(AR6:AR11) - AR19,=PRODUCT(AR6:AR11),累計獲得数＝顧問先×各種率（PRODUCTで統一、解約は下のストック計算で控除）
ビジとり,AR24,,=AR12-AQ12,新規受注＝累計獲得数の当月増分
ビジとり,AR19,16,=AQ25*AR20,解約＝前月末契約社数×月次解約率（ストック型）
ビジとり,AR25,,=AQ25+AR24-AR19,期末契約＝前月末＋新規－解約
ビジとり,AR5,=AR12*AR14*12,=AR25*AR14,月次売上＝期末契約社数×月額500円(14行)
ビジとり,AR20,0.015,0.0175,月次解約率：Y1-2 2.0%／Y3-4 1.75%／Y5 1.5%（B2B SaaSで現実的な1.5〜2.0%帯、年数とともに逓減）
ビジとり,AR16,=AR13*AR12,=AR13*AR25,紹介費用の受注数参照を期末契約社数（月次）に統一
ビジとり,AS12,=PRODUCT(AS6:AS11) - AS19,=PRODUCT(AS6:AS11),累計獲得数＝顧問先×各種率（PRODUCTで統一、解約は下のストック計算で控除）
ビジとり,AS24,,=AS12-AR12,新規受注＝累計獲得数の当月増分
ビジとり,AS19,16,=AR25*AS20,解約＝前月末契約社数×月次解約率（ストック型）
ビジとり,AS25,,=AR25+AS24-AS19,期末契約＝前月末＋新規－解約
ビジとり,AS5,=AS12*AS14*12,=AS25*AS14,月次売上＝期末契約社数×月額500円(14行)
ビジとり,AS20,0.015,0.0175,月次解約率：Y1-2 2.0%／Y3-4 1.75%／Y5 1.5%（B2B SaaSで現実的な1.5〜2.0%帯、年数とともに逓減）
ビジとり,AS16,=AS13*AS12,=AS13*AS25,紹介費用の受注数参照を期末契約社数（月次）に統一
ビジとり,AT12,=PRODUCT(AT6:AT11) - AT19,=PRODUCT(AT6:AT11),累計獲得数＝顧問先×各種率（PRODUCTで統一、解約は下のストック計算で控除）
ビジとり,AT24,,=AT12-AS12,新規受注＝累計獲得数の当月増分
ビジとり,AT19,18,=AS25*AT20,解約＝前月末契約社数×月次解約率（ストック型）
ビジとり,AT25,,=AS25+AT24-AT19,期末契約＝前月末＋新規－解約
ビジとり,AT5,=AT12*AT14*12,=AT25*AT14,月次売上＝期末契約社数×月額500円(14行)
ビジとり,AT20,0.015,0.0175,月次解約率：Y1-2 2.0%／Y3-4 1.75%／Y5 1.5%（B2B SaaSで現実的な1.5〜2.0%帯、年数とともに逓減）
ビジとり,AT16,=AT13*AT12,=AT13*AT25,紹介費用の受注数参照を期末契約社数（月次）に統一
ビジとり,AU12,=PRODUCT(AU6:AU11) - AU19,=PRODUCT(AU6:AU11),累計獲得数＝顧問先×各種率（PRODUCTで統一、解約は下のストック計算で控除）
ビジとり,AU24,,=AU12-AT12,新規受注＝累計獲得数の当月増分
ビジとり,AU19,18,=AT25*AU20,解約＝前月末契約社数×月次解約率（ストック型）
ビジとり,AU25,,=AT25+AU24-AU19,期末契約＝前月末＋新規－解約
ビジとり,AU5,=AU12*AU14*12,=AU25*AU14,月次売上＝期末契約社数×月額500円(14行)
ビジとり,AU20,0.015,0.0175,月次解約率：Y1-2 2.0%／Y3-4 1.75%／Y5 1.5%（B2B SaaSで現実的な1.5〜2.0%帯、年数とともに逓減）
ビジとり,AU16,=AU13*AU12,=AU13*AU25,紹介費用の受注数参照を期末契約社数（月次）に統一
ビジとり,AV12,=PRODUCT(AV6:AV11) - AV19,=PRODUCT(AV6:AV11),累計獲得数＝顧問先×各種率（PRODUCTで統一、解約は下のストック計算で控除）
ビジとり,AV24,,=AV12-AU12,新規受注＝累計獲得数の当月増分
ビジとり,AV19,19,=AU25*AV20,解約＝前月末契約社数×月次解約率（ストック型）
ビジとり,AV25,,=AU25+AV24-AV19,期末契約＝前月末＋新規－解約
ビジとり,AV5,=AV12*AV14*12,=AV25*AV14,月次売上＝期末契約社数×月額500円(14行)
ビジとり,AV20,0.015,0.0175,月次解約率：Y1-2 2.0%／Y3-4 1.75%／Y5 1.5%（B2B SaaSで現実的な1.5〜2.0%帯、年数とともに逓減）
ビジとり,AV16,=AV13*AV12,=AV13*AV25,紹介費用の受注数参照を期末契約社数（月次）に統一
ビジとり,AW12,=PRODUCT(AW6:AW11) - AW19,=PRODUCT(AW6:AW11),累計獲得数＝顧問先×各種率（PRODUCTで統一、解約は下のストック計算で控除）
ビジとり,AW24,,=AW12-AV12,新規受注＝累計獲得数の当月増分
ビジとり,AW19,19,=AV25*AW20,解約＝前月末契約社数×月次解約率（ストック型）
ビジとり,AW25,,=AV25+AW24-AW19,期末契約＝前月末＋新規－解約
ビジとり,AW5,=AW12*AW14*12,=AW25*AW14,月次売上＝期末契約社数×月額500円(14行)
ビジとり,AW20,0.015,0.0175,月次解約率：Y1-2 2.0%／Y3-4 1.75%／Y5 1.5%（B2B SaaSで現実的な1.5〜2.0%帯、年数とともに逓減）
ビジとり,AW16,=AW13*AW12,=AW13*AW25,紹介費用の受注数参照を期末契約社数（月次）に統一
ビジとり,AX12,=PRODUCT(AX6:AX11) - AX19,=PRODUCT(AX6:AX11),累計獲得数＝顧問先×各種率（PRODUCTで統一、解約は下のストック計算で控除）
ビジとり,AX24,,=AX12-AW12,新規受注＝累計獲得数の当月増分
ビジとり,AX19,20,=AW25*AX20,解約＝前月末契約社数×月次解約率（ストック型）
ビジとり,AX25,,=AW25+AX24-AX19,期末契約＝前月末＋新規－解約
ビジとり,AX5,=AX12*AX14*12,=AX25*AX14,月次売上＝期末契約社数×月額500円(14行)
ビジとり,AX20,0.015,0.0175,月次解約率：Y1-2 2.0%／Y3-4 1.75%／Y5 1.5%（B2B SaaSで現実的な1.5〜2.0%帯、年数とともに逓減）
ビジとり,AX16,=AX13*AX12,=AX13*AX25,紹介費用の受注数参照を期末契約社数（月次）に統一
ビジとり,AY12,=PRODUCT(AY6:AY11) - AY19,=PRODUCT(AY6:AY11),累計獲得数＝顧問先×各種率（PRODUCTで統一、解約は下のストック計算で控除）
ビジとり,AY24,,=AY12-AX12,新規受注＝累計獲得数の当月増分
ビジとり,AY19,21,=AX25*AY20,解約＝前月末契約社数×月次解約率（ストック型）
ビジとり,AY25,,=AX25+AY24-AY19,期末契約＝前月末＋新規－解約
ビジとり,AY5,=AY12*AY14*12,=AY25*AY14,月次売上＝期末契約社数×月額500円(14行)
ビジとり,AY20,0.015,0.0175,月次解約率：Y1-2 2.0%／Y3-4 1.75%／Y5 1.5%（B2B SaaSで現実的な1.5〜2.0%帯、年数とともに逓減）
ビジとり,AY16,=AY13*AY12,=AY13*AY25,紹介費用の受注数参照を期末契約社数（月次）に統一
ビジとり,AZ12,=PRODUCT(AZ6:AZ11) - AZ19,=PRODUCT(AZ6:AZ11),累計獲得数＝顧問先×各種率（PRODUCTで統一、解約は下のストック計算で控除）
ビジとり,AZ24,,=AZ12-AY12,新規受注＝累計獲得数の当月増分
ビジとり,AZ19,22,=AY25*AZ20,解約＝前月末契約社数×月次解約率（ストック型）
ビジとり,AZ25,,=AY25+AZ24-AZ19,期末契約＝前月末＋新規－解約
ビジとり,AZ5,=AZ12*AZ14*12,=AZ25*AZ14,月次売上＝期末契約社数×月額500円(14行)
ビジとり,AZ20,0.015,0.0175,月次解約率：Y1-2 2.0%／Y3-4 1.75%／Y5 1.5%（B2B SaaSで現実的な1.5〜2.0%帯、年数とともに逓減）
ビジとり,AZ16,=AZ13*AZ12,=AZ13*AZ25,紹介費用の受注数参照を期末契約社数（月次）に統一
ビジとり,BA12,=PRODUCT(BA6:BA11) - BA19,=PRODUCT(BA6:BA11),累計獲得数＝顧問先×各種率（PRODUCTで統一、解約は下のストック計算で控除）
ビジとり,BA24,,=BA12-AZ12,新規受注＝累計獲得数の当月増分
ビジとり,BA19,23,=AZ25*BA20,解約＝前月末契約社数×月次解約率（ストック型）
ビジとり,BA25,,=AZ25+BA24-BA19,期末契約＝前月末＋新規－解約
ビジとり,BA5,=BA12*BA14*12,=BA25*BA14,月次売上＝期末契約社数×月額500円(14行)
ビジとり,BA20,0.015,0.0175,月次解約率：Y1-2 2.0%／Y3-4 1.75%／Y5 1.5%（B2B SaaSで現実的な1.5〜2.0%帯、年数とともに逓減）
ビジとり,BA16,=BA13*BA12,=BA13*BA25,紹介費用の受注数参照を期末契約社数（月次）に統一
ビジとり,BB12,=PRODUCT(BB6:BB11) - BB19,=PRODUCT(BB6:BB11),累計獲得数＝顧問先×各種率（PRODUCTで統一、解約は下のストック計算で控除）
ビジとり,BB24,,=BB12-BA12,新規受注＝累計獲得数の当月増分
ビジとり,BB19,16,=BA25*BB20,解約＝前月末契約社数×月次解約率（ストック型）
ビジとり,BB25,,=BA25+BB24-BB19,期末契約＝前月末＋新規－解約
ビジとり,BB5,=BB12*BB14*12,=BB25*BB14,月次売上＝期末契約社数×月額500円(14行)
ビジとり,BB20,0.01,0.015,月次解約率：Y1-2 2.0%／Y3-4 1.75%／Y5 1.5%（B2B SaaSで現実的な1.5〜2.0%帯、年数とともに逓減）
ビジとり,BB16,=BB13*BB12,=BB13*BB25,紹介費用の受注数参照を期末契約社数（月次）に統一
ビジとり,BC12,=PRODUCT(BC6:BC11) - BC19,=PRODUCT(BC6:BC11),累計獲得数＝顧問先×各種率（PRODUCTで統一、解約は下のストック計算で控除）
ビジとり,BC24,,=BC12-BB12,新規受注＝累計獲得数の当月増分
ビジとり,BC19,16,=BB25*BC20,解約＝前月末契約社数×月次解約率（ストック型）
ビジとり,BC25,,=BB25+BC24-BC19,期末契約＝前月末＋新規－解約
ビジとり,BC5,=BC12*BC14*12,=BC25*BC14,月次売上＝期末契約社数×月額500円(14行)
ビジとり,BC20,0.01,0.015,月次解約率：Y1-2 2.0%／Y3-4 1.75%／Y5 1.5%（B2B SaaSで現実的な1.5〜2.0%帯、年数とともに逓減）
ビジとり,BC16,=BC13*BC12,=BC13*BC25,紹介費用の受注数参照を期末契約社数（月次）に統一
ビジとり,BD12,=PRODUCT(BD6:BD11) - BD19,=PRODUCT(BD6:BD11),累計獲得数＝顧問先×各種率（PRODUCTで統一、解約は下のストック計算で控除）
ビジとり,BD24,,=BD12-BC12,新規受注＝累計獲得数の当月増分
ビジとり,BD19,17,=BC25*BD20,解約＝前月末契約社数×月次解約率（ストック型）
ビジとり,BD25,,=BC25+BD24-BD19,期末契約＝前月末＋新規－解約
ビジとり,BD5,=BD12*BD14*12,=BD25*BD14,月次売上＝期末契約社数×月額500円(14行)
ビジとり,BD20,0.01,0.015,月次解約率：Y1-2 2.0%／Y3-4 1.75%／Y5 1.5%（B2B SaaSで現実的な1.5〜2.0%帯、年数とともに逓減）
ビジとり,BD16,=BD13*BD12,=BD13*BD25,紹介費用の受注数参照を期末契約社数（月次）に統一
ビジとり,BE12,=PRODUCT(BE6:BE11) - BE19,=PRODUCT(BE6:BE11),累計獲得数＝顧問先×各種率（PRODUCTで統一、解約は下のストック計算で控除）
ビジとり,BE24,,=BE12-BD12,新規受注＝累計獲得数の当月増分
ビジとり,BE19,17,=BD25*BE20,解約＝前月末契約社数×月次解約率（ストック型）
ビジとり,BE25,,=BD25+BE24-BE19,期末契約＝前月末＋新規－解約
ビジとり,BE5,=BE12*BE14*12,=BE25*BE14,月次売上＝期末契約社数×月額500円(14行)
ビジとり,BE20,0.01,0.015,月次解約率：Y1-2 2.0%／Y3-4 1.75%／Y5 1.5%（B2B SaaSで現実的な1.5〜2.0%帯、年数とともに逓減）
ビジとり,BE16,=BE13*BE12,=BE13*BE25,紹介費用の受注数参照を期末契約社数（月次）に統一
ビジとり,BF12,=PRODUCT(BF6:BF11) - BF19,=PRODUCT(BF6:BF11),累計獲得数＝顧問先×各種率（PRODUCTで統一、解約は下のストック計算で控除）
ビジとり,BF24,,=BF12-BE12,新規受注＝累計獲得数の当月増分
ビジとり,BF19,18,=BE25*BF20,解約＝前月末契約社数×月次解約率（ストック型）
ビジとり,BF25,,=BE25+BF24-BF19,期末契約＝前月末＋新規－解約
ビジとり,BF5,=BF12*BF14*12,=BF25*BF14,月次売上＝期末契約社数×月額500円(14行)
ビジとり,BF20,0.01,0.015,月次解約率：Y1-2 2.0%／Y3-4 1.75%／Y5 1.5%（B2B SaaSで現実的な1.5〜2.0%帯、年数とともに逓減）
ビジとり,BF16,=BF13*BF12,=BF13*BF25,紹介費用の受注数参照を期末契約社数（月次）に統一
ビジとり,BG12,=PRODUCT(BG6:BG11) - BG19,=PRODUCT(BG6:BG11),累計獲得数＝顧問先×各種率（PRODUCTで統一、解約は下のストック計算で控除）
ビジとり,BG24,,=BG12-BF12,新規受注＝累計獲得数の当月増分
ビジとり,BG19,18,=BF25*BG20,解約＝前月末契約社数×月次解約率（ストック型）
ビジとり,BG25,,=BF25+BG24-BG19,期末契約＝前月末＋新規－解約
ビジとり,BG5,=BG12*BG14*12,=BG25*BG14,月次売上＝期末契約社数×月額500円(14行)
ビジとり,BG20,0.01,0.015,月次解約率：Y1-2 2.0%／Y3-4 1.75%／Y5 1.5%（B2B SaaSで現実的な1.5〜2.0%帯、年数とともに逓減）
ビジとり,BG16,=BG13*BG12,=BG13*BG25,紹介費用の受注数参照を期末契約社数（月次）に統一
ビジとり,BH12,=PRODUCT(BH6:BH11) - BH19,=PRODUCT(BH6:BH11),累計獲得数＝顧問先×各種率（PRODUCTで統一、解約は下のストック計算で控除）
ビジとり,BH24,,=BH12-BG12,新規受注＝累計獲得数の当月増分
ビジとり,BH19,19,=BG25*BH20,解約＝前月末契約社数×月次解約率（ストック型）
ビジとり,BH25,,=BG25+BH24-BH19,期末契約＝前月末＋新規－解約
ビジとり,BH5,=BH12*BH14*12,=BH25*BH14,月次売上＝期末契約社数×月額500円(14行)
ビジとり,BH20,0.01,0.015,月次解約率：Y1-2 2.0%／Y3-4 1.75%／Y5 1.5%（B2B SaaSで現実的な1.5〜2.0%帯、年数とともに逓減）
ビジとり,BH16,=BH13*BH12,=BH13*BH25,紹介費用の受注数参照を期末契約社数（月次）に統一
ビジとり,BI12,=PRODUCT(BI6:BI11) - BI19,=PRODUCT(BI6:BI11),累計獲得数＝顧問先×各種率（PRODUCTで統一、解約は下のストック計算で控除）
ビジとり,BI24,,=BI12-BH12,新規受注＝累計獲得数の当月増分
ビジとり,BI19,20,=BH25*BI20,解約＝前月末契約社数×月次解約率（ストック型）
ビジとり,BI25,,=BH25+BI24-BI19,期末契約＝前月末＋新規－解約
ビジとり,BI5,=BI12*BI14*12,=BI25*BI14,月次売上＝期末契約社数×月額500円(14行)
ビジとり,BI20,0.01,0.015,月次解約率：Y1-2 2.0%／Y3-4 1.75%／Y5 1.5%（B2B SaaSで現実的な1.5〜2.0%帯、年数とともに逓減）
ビジとり,BI16,=BI13*BI12,=BI13*BI25,紹介費用の受注数参照を期末契約社数（月次）に統一
ビジとり,BJ12,=PRODUCT(BJ6:BJ11) - BJ19,=PRODUCT(BJ6:BJ11),累計獲得数＝顧問先×各種率（PRODUCTで統一、解約は下のストック計算で控除）
ビジとり,BJ24,,=BJ12-BI12,新規受注＝累計獲得数の当月増分
ビジとり,BJ19,20,=BI25*BJ20,解約＝前月末契約社数×月次解約率（ストック型）
ビジとり,BJ25,,=BI25+BJ24-BJ19,期末契約＝前月末＋新規－解約
ビジとり,BJ5,=BJ12*BJ14*12,=BJ25*BJ14,月次売上＝期末契約社数×月額500円(14行)
ビジとり,BJ20,0.01,0.015,月次解約率：Y1-2 2.0%／Y3-4 1.75%／Y5 1.5%（B2B SaaSで現実的な1.5〜2.0%帯、年数とともに逓減）
ビジとり,BJ16,=BJ13*BJ12,=BJ13*BJ25,紹介費用の受注数参照を期末契約社数（月次）に統一
ビジとり,BK12,=PRODUCT(BK6:BK11) - BK19,=PRODUCT(BK6:BK11),累計獲得数＝顧問先×各種率（PRODUCTで統一、解約は下のストック計算で控除）
ビジとり,BK24,,=BK12-BJ12,新規受注＝累計獲得数の当月増分
ビジとり,BK19,21,=BJ25*BK20,解約＝前月末契約社数×月次解約率（ストック型）
ビジとり,BK25,,=BJ25+BK24-BK19,期末契約＝前月末＋新規－解約
ビジとり,BK5,=BK12*BK14*12,=BK25*BK14,月次売上＝期末契約社数×月額500円(14行)
ビジとり,BK20,0.01,0.015,月次解約率：Y1-2 2.0%／Y3-4 1.75%／Y5 1.5%（B2B SaaSで現実的な1.5〜2.0%帯、年数とともに逓減）
ビジとり,BK16,=BK13*BK12,=BK13*BK25,紹介費用の受注数参照を期末契約社数（月次）に統一
ビジとり,BL12,=PRODUCT(BL6:BL11) - BL19,=PRODUCT(BL6:BL11),累計獲得数＝顧問先×各種率（PRODUCTで統一、解約は下のストック計算で控除）
ビジとり,BL24,,=BL12-BK12,新規受注＝累計獲得数の当月増分
ビジとり,BL19,21,=BK25*BL20,解約＝前月末契約社数×月次解約率（ストック型）
ビジとり,BL25,,=BK25+BL24-BL19,期末契約＝前月末＋新規－解約
ビジとり,BL5,=BL12*BL14*12,=BL25*BL14,月次売上＝期末契約社数×月額500円(14行)
ビジとり,BL20,0.01,0.015,月次解約率：Y1-2 2.0%／Y3-4 1.75%／Y5 1.5%（B2B SaaSで現実的な1.5〜2.0%帯、年数とともに逓減）
ビジとり,BL16,=BL13*BL12,=BL13*BL25,紹介費用の受注数参照を期末契約社数（月次）に統一
ビジとり,BM12,=PRODUCT(BM6:BM11) - BM19,=PRODUCT(BM6:BM11),累計獲得数＝顧問先×各種率（PRODUCTで統一、解約は下のストック計算で控除）
ビジとり,BM24,,=BM12-BL12,新規受注＝累計獲得数の当月増分
ビジとり,BM19,22,=BL25*BM20,解約＝前月末契約社数×月次解約率（ストック型）
ビジとり,BM25,,=BL25+BM24-BM19,期末契約＝前月末＋新規－解約
ビジとり,BM5,=BM12*BM14*12,=BM25*BM14,月次売上＝期末契約社数×月額500円(14行)
ビジとり,BM20,0.01,0.015,月次解約率：Y1-2 2.0%／Y3-4 1.75%／Y5 1.5%（B2B SaaSで現実的な1.5〜2.0%帯、年数とともに逓減）
ビジとり,BM16,=BM13*BM12,=BM13*BM25,紹介費用の受注数参照を期末契約社数（月次）に統一
ビジとり,BN5,=BN14*BN12*12,=SUM(F5:Q5),年間売上＝M1〜M12の月次売上の合計(SUM)
ビジとり,BN12,=PRODUCT(BN6:BN11) - BN19,=PRODUCT(BN6:BN11),累計獲得数（期末）
ビジとり,BN24,,=SUM(F24:Q24),年間新規受注＝月次合計
ビジとり,BN25,,=Q25,期末契約社数＝期末月の値
ビジとり,BN20,0.12,=AVERAGE(F20:Q20),年次列の解約率＝月次解約率の年平均（旧：12%/1%の不揃いな表示値）
ビジとり,BN16,=BN14*BN12,=SUM(F16:Q16),年間紹介費用＝月次合計
ビジとり,BO5,=BO14*BO12*12,=SUM(R5:AC5),年間売上＝M1〜M12の月次売上の合計(SUM)
ビジとり,BO12,=PRODUCT(BO6:BO11) - BO19,=PRODUCT(BO6:BO11),累計獲得数（期末）
ビジとり,BO24,,=SUM(R24:AC24),年間新規受注＝月次合計
ビジとり,BO25,,=AC25,期末契約社数＝期末月の値
ビジとり,BO20,0.12,=AVERAGE(R20:AC20),年次列の解約率＝月次解約率の年平均（旧：12%/1%の不揃いな表示値）
ビジとり,BO16,=BO14*BO12,=SUM(R16:AC16),年間紹介費用＝月次合計
ビジとり,BP5,=BP14*BP12*12,=SUM(AD5:AO5),年間売上＝M1〜M12の月次売上の合計(SUM)
ビジとり,BP12,=PRODUCT(BP6:BP11) - BP19,=PRODUCT(BP6:BP11),累計獲得数（期末）
ビジとり,BP24,,=SUM(AD24:AO24),年間新規受注＝月次合計
ビジとり,BP25,,=AO25,期末契約社数＝期末月の値
ビジとり,BP20,0.12,=AVERAGE(AD20:AO20),年次列の解約率＝月次解約率の年平均（旧：12%/1%の不揃いな表示値）
ビジとり,BP16,=BP14*BP12,=SUM(AD16:AO16),年間紹介費用＝月次合計
ビジとり,BQ5,=BQ14*BQ12*12,=SUM(AP5:BA5),年間売上＝M1〜M12の月次売上の合計(SUM)
ビジとり,BQ12,=PRODUCT(BQ6:BQ11) - BQ19,=PRODUCT(BQ6:BQ11),累計獲得数（期末）
ビジとり,BQ24,,=SUM(AP24:BA24),年間新規受注＝月次合計
ビジとり,BQ25,,=BA25,期末契約社数＝期末月の値
ビジとり,BQ20,0.12,=AVERAGE(AP20:BA20),年次列の解約率＝月次解約率の年平均（旧：12%/1%の不揃いな表示値）
ビジとり,BQ16,=BQ14*BQ12,=SUM(AP16:BA16),年間紹介費用＝月次合計
ビジとり,BR5,=BR14*BR12*12,=SUM(BB5:BM5),年間売上＝M1〜M12の月次売上の合計(SUM)
ビジとり,BR12,=PRODUCT(BR6:BR11) - BR19,=PRODUCT(BR6:BR11),累計獲得数（期末）
ビジとり,BR24,,=SUM(BB24:BM24),年間新規受注＝月次合計
ビジとり,BR25,,=BM25,期末契約社数＝期末月の値
ビジとり,BR20,0.12,=AVERAGE(BB20:BM20),年次列の解約率＝月次解約率の年平均（旧：12%/1%の不揃いな表示値）
ビジとり,BR16,=BR14*BR12,=SUM(BB16:BM16),年間紹介費用＝月次合計
支払い.com,C23,,新規受注数（当月）,追加行：累計獲得数の当月増分
支払い.com,D23,,＝当月の累計獲得数(12行)－前月の累計獲得数。税理士獲得ロジック(×35等)は別途検討中のため、既存ファネルを流用,説明
支払い.com,C24,,期末契約社数（ストック）,追加行：売上計算の基礎となる契約社数
支払い.com,D24,,＝前月末契約社数＋新規受注数－解約予想数。売上＝本行×単価,説明
支払い.com,C12,１税理士 / 受注数,１税理士 / 受注数（累計獲得数・解約前）,ストック化に伴い、本行は解約前の累計獲得数（ファネル）と定義
支払い.com,F12,=PRODUCT(F6:F11) - F19,=PRODUCT(F6:F11),累計獲得数＝顧問先×各種率（PRODUCTで統一、解約は下のストック計算で控除）
支払い.com,F23,,=F12,新規受注＝累計獲得数の当月増分
支払い.com,F19,=F20*PRODUCT(F6:F11),0,期初（前月契約なし）
支払い.com,F24,,=F23-F19,期末契約＝前月末＋新規－解約
支払い.com,F5,=F12*F13,=F24*F13/12,"月次売上＝期末契約社数×年間単価1,500円(13行)÷12"
支払い.com,F16,=F13*F12,=F24*F13/12,紹介費用の受注数参照を期末契約社数（月次）に統一
支払い.com,G12,=PRODUCT(G6:G11) - G19,=PRODUCT(G6:G11),累計獲得数＝顧問先×各種率（PRODUCTで統一、解約は下のストック計算で控除）
支払い.com,G23,,=G12-F12,新規受注＝累計獲得数の当月増分
支払い.com,G19,=G20*PRODUCT(G6:G11),=F24*G20,解約＝前月末契約社数×月次解約率（ストック型）
支払い.com,G24,,=F24+G23-G19,期末契約＝前月末＋新規－解約
支払い.com,G5,=G12*G13,=G24*G13/12,"月次売上＝期末契約社数×年間単価1,500円(13行)÷12"
支払い.com,G16,=G13*G12,=G24*G13/12,紹介費用の受注数参照を期末契約社数（月次）に統一
支払い.com,H12,=PRODUCT(H6:H11) - H19,=PRODUCT(H6:H11),累計獲得数＝顧問先×各種率（PRODUCTで統一、解約は下のストック計算で控除）
支払い.com,H23,,=H12-G12,新規受注＝累計獲得数の当月増分
支払い.com,H19,=H20*PRODUCT(H6:H11),=G24*H20,解約＝前月末契約社数×月次解約率（ストック型）
支払い.com,H24,,=G24+H23-H19,期末契約＝前月末＋新規－解約
支払い.com,H5,=H12*H13,=H24*H13/12,"月次売上＝期末契約社数×年間単価1,500円(13行)÷12"
支払い.com,H16,=H13*H12,=H24*H13/12,紹介費用の受注数参照を期末契約社数（月次）に統一
支払い.com,I12,=PRODUCT(I6:I11) - I19,=PRODUCT(I6:I11),累計獲得数＝顧問先×各種率（PRODUCTで統一、解約は下のストック計算で控除）
支払い.com,I23,,=I12-H12,新規受注＝累計獲得数の当月増分
支払い.com,I19,=I20*PRODUCT(I6:I11),=H24*I20,解約＝前月末契約社数×月次解約率（ストック型）
支払い.com,I24,,=H24+I23-I19,期末契約＝前月末＋新規－解約
支払い.com,I5,=I12*I13,=I24*I13/12,"月次売上＝期末契約社数×年間単価1,500円(13行)÷12"
支払い.com,I16,=I13*I12,=I24*I13/12,紹介費用の受注数参照を期末契約社数（月次）に統一
支払い.com,J12,=PRODUCT(J6:J11) - J19,=PRODUCT(J6:J11),累計獲得数＝顧問先×各種率（PRODUCTで統一、解約は下のストック計算で控除）
支払い.com,J23,,=J12-I12,新規受注＝累計獲得数の当月増分
支払い.com,J19,=J20*PRODUCT(J6:J11),=I24*J20,解約＝前月末契約社数×月次解約率（ストック型）
支払い.com,J24,,=I24+J23-J19,期末契約＝前月末＋新規－解約
支払い.com,J5,=J12*J13,=J24*J13/12,"月次売上＝期末契約社数×年間単価1,500円(13行)÷12"
支払い.com,J16,=J13*J12,=J24*J13/12,紹介費用の受注数参照を期末契約社数（月次）に統一
支払い.com,K12,=PRODUCT(K6:K11) - K19,=PRODUCT(K6:K11),累計獲得数＝顧問先×各種率（PRODUCTで統一、解約は下のストック計算で控除）
支払い.com,K23,,=K12-J12,新規受注＝累計獲得数の当月増分
支払い.com,K19,=K20*PRODUCT(K6:K11),=J24*K20,解約＝前月末契約社数×月次解約率（ストック型）
支払い.com,K24,,=J24+K23-K19,期末契約＝前月末＋新規－解約
支払い.com,K5,=K12*K13,=K24*K13/12,"月次売上＝期末契約社数×年間単価1,500円(13行)÷12"
支払い.com,K16,=K13*K12,=K24*K13/12,紹介費用の受注数参照を期末契約社数（月次）に統一
支払い.com,L12,=PRODUCT(L6:L11) - L19,=PRODUCT(L6:L11),累計獲得数＝顧問先×各種率（PRODUCTで統一、解約は下のストック計算で控除）
支払い.com,L23,,=L12-K12,新規受注＝累計獲得数の当月増分
支払い.com,L19,=L20*PRODUCT(L6:L11),=K24*L20,解約＝前月末契約社数×月次解約率（ストック型）
支払い.com,L24,,=K24+L23-L19,期末契約＝前月末＋新規－解約
支払い.com,L5,=L12*L13,=L24*L13/12,"月次売上＝期末契約社数×年間単価1,500円(13行)÷12"
支払い.com,L16,=L13*L12,=L24*L13/12,紹介費用の受注数参照を期末契約社数（月次）に統一
支払い.com,M12,=PRODUCT(M6:M11) - M19,=PRODUCT(M6:M11),累計獲得数＝顧問先×各種率（PRODUCTで統一、解約は下のストック計算で控除）
支払い.com,M23,,=M12-L12,新規受注＝累計獲得数の当月増分
支払い.com,M19,=M20*PRODUCT(M6:M11),=L24*M20,解約＝前月末契約社数×月次解約率（ストック型）
支払い.com,M24,,=L24+M23-M19,期末契約＝前月末＋新規－解約
支払い.com,M5,=M12*M13,=M24*M13/12,"月次売上＝期末契約社数×年間単価1,500円(13行)÷12"
支払い.com,M16,=M13*M12,=M24*M13/12,紹介費用の受注数参照を期末契約社数（月次）に統一
支払い.com,N12,=PRODUCT(N6:N11) - N19,=PRODUCT(N6:N11),累計獲得数＝顧問先×各種率（PRODUCTで統一、解約は下のストック計算で控除）
支払い.com,N23,,=N12-M12,新規受注＝累計獲得数の当月増分
支払い.com,N19,=N20*PRODUCT(N6:N11),=M24*N20,解約＝前月末契約社数×月次解約率（ストック型）
支払い.com,N24,,=M24+N23-N19,期末契約＝前月末＋新規－解約
支払い.com,N5,=N12*N13,=N24*N13/12,"月次売上＝期末契約社数×年間単価1,500円(13行)÷12"
支払い.com,N16,=N13*N12,=N24*N13/12,紹介費用の受注数参照を期末契約社数（月次）に統一
支払い.com,O12,=PRODUCT(O6:O11) - O19,=PRODUCT(O6:O11),累計獲得数＝顧問先×各種率（PRODUCTで統一、解約は下のストック計算で控除）
支払い.com,O23,,=O12-N12,新規受注＝累計獲得数の当月増分
支払い.com,O19,=O20*PRODUCT(O6:O11),=N24*O20,解約＝前月末契約社数×月次解約率（ストック型）
支払い.com,O24,,=N24+O23-O19,期末契約＝前月末＋新規－解約
支払い.com,O5,=O12*O13,=O24*O13/12,"月次売上＝期末契約社数×年間単価1,500円(13行)÷12"
支払い.com,O16,=O13*O12,=O24*O13/12,紹介費用の受注数参照を期末契約社数（月次）に統一
支払い.com,P12,=PRODUCT(P6:P11) - P19,=PRODUCT(P6:P11),累計獲得数＝顧問先×各種率（PRODUCTで統一、解約は下のストック計算で控除）
支払い.com,P23,,=P12-O12,新規受注＝累計獲得数の当月増分
支払い.com,P19,=P20*PRODUCT(P6:P11),=O24*P20,解約＝前月末契約社数×月次解約率（ストック型）
支払い.com,P24,,=O24+P23-P19,期末契約＝前月末＋新規－解約
支払い.com,P5,=P12*P13,=P24*P13/12,"月次売上＝期末契約社数×年間単価1,500円(13行)÷12"
支払い.com,P16,=P13*P12,=P24*P13/12,紹介費用の受注数参照を期末契約社数（月次）に統一
支払い.com,Q12,=PRODUCT(Q6:Q11) - Q19,=PRODUCT(Q6:Q11),累計獲得数＝顧問先×各種率（PRODUCTで統一、解約は下のストック計算で控除）
支払い.com,Q23,,=Q12-P12,新規受注＝累計獲得数の当月増分
支払い.com,Q19,=Q20*PRODUCT(Q6:Q11),=P24*Q20,解約＝前月末契約社数×月次解約率（ストック型）
支払い.com,Q24,,=P24+Q23-Q19,期末契約＝前月末＋新規－解約
支払い.com,Q5,=Q12*Q13,=Q24*Q13/12,"月次売上＝期末契約社数×年間単価1,500円(13行)÷12"
支払い.com,Q16,=Q13*Q12,=Q24*Q13/12,紹介費用の受注数参照を期末契約社数（月次）に統一
支払い.com,R12,=PRODUCT(R6:R11) - R19,=PRODUCT(R6:R11),累計獲得数＝顧問先×各種率（PRODUCTで統一、解約は下のストック計算で控除）
支払い.com,R23,,=R12-Q12,新規受注＝累計獲得数の当月増分
支払い.com,R19,=R20*PRODUCT(R6:R11),=Q24*R20,解約＝前月末契約社数×月次解約率（ストック型）
支払い.com,R24,,=Q24+R23-R19,期末契約＝前月末＋新規－解約
支払い.com,R5,=R12*R13,=R24*R13/12,"月次売上＝期末契約社数×年間単価1,500円(13行)÷12"
支払い.com,R16,=R13*R12,=R24*R13/12,紹介費用の受注数参照を期末契約社数（月次）に統一
支払い.com,S12,=PRODUCT(S6:S11) - S19,=PRODUCT(S6:S11),累計獲得数＝顧問先×各種率（PRODUCTで統一、解約は下のストック計算で控除）
支払い.com,S23,,=S12-R12,新規受注＝累計獲得数の当月増分
支払い.com,S19,=S20*PRODUCT(S6:S11),=R24*S20,解約＝前月末契約社数×月次解約率（ストック型）
支払い.com,S24,,=R24+S23-S19,期末契約＝前月末＋新規－解約
支払い.com,S5,=S12*S13,=S24*S13/12,"月次売上＝期末契約社数×年間単価1,500円(13行)÷12"
支払い.com,S16,=S13*S12,=S24*S13/12,紹介費用の受注数参照を期末契約社数（月次）に統一
支払い.com,T12,=PRODUCT(T6:T11) - T19,=PRODUCT(T6:T11),累計獲得数＝顧問先×各種率（PRODUCTで統一、解約は下のストック計算で控除）
支払い.com,T23,,=T12-S12,新規受注＝累計獲得数の当月増分
支払い.com,T19,=T20*PRODUCT(T6:T11),=S24*T20,解約＝前月末契約社数×月次解約率（ストック型）
支払い.com,T24,,=S24+T23-T19,期末契約＝前月末＋新規－解約
支払い.com,T5,=T12*T13,=T24*T13/12,"月次売上＝期末契約社数×年間単価1,500円(13行)÷12"
支払い.com,T16,=T13*T12,=T24*T13/12,紹介費用の受注数参照を期末契約社数（月次）に統一
支払い.com,U12,=PRODUCT(U6:U11) - U19,=PRODUCT(U6:U11),累計獲得数＝顧問先×各種率（PRODUCTで統一、解約は下のストック計算で控除）
支払い.com,U23,,=U12-T12,新規受注＝累計獲得数の当月増分
支払い.com,U19,=U20*PRODUCT(U6:U11),=T24*U20,解約＝前月末契約社数×月次解約率（ストック型）
支払い.com,U24,,=T24+U23-U19,期末契約＝前月末＋新規－解約
支払い.com,U5,=U12*U13,=U24*U13/12,"月次売上＝期末契約社数×年間単価1,500円(13行)÷12"
支払い.com,U16,=U13*U12,=U24*U13/12,紹介費用の受注数参照を期末契約社数（月次）に統一
支払い.com,V12,=PRODUCT(V6:V11) - V19,=PRODUCT(V6:V11),累計獲得数＝顧問先×各種率（PRODUCTで統一、解約は下のストック計算で控除）
支払い.com,V23,,=V12-U12,新規受注＝累計獲得数の当月増分
支払い.com,V19,=V20*PRODUCT(V6:V11),=U24*V20,解約＝前月末契約社数×月次解約率（ストック型）
支払い.com,V24,,=U24+V23-V19,期末契約＝前月末＋新規－解約
支払い.com,V5,=V12*V13,=V24*V13/12,"月次売上＝期末契約社数×年間単価1,500円(13行)÷12"
支払い.com,V16,=V13*V12,=V24*V13/12,紹介費用の受注数参照を期末契約社数（月次）に統一
支払い.com,W12,=PRODUCT(W6:W11) - W19,=PRODUCT(W6:W11),累計獲得数＝顧問先×各種率（PRODUCTで統一、解約は下のストック計算で控除）
支払い.com,W23,,=W12-V12,新規受注＝累計獲得数の当月増分
支払い.com,W19,=W20*PRODUCT(W6:W11),=V24*W20,解約＝前月末契約社数×月次解約率（ストック型）
支払い.com,W24,,=V24+W23-W19,期末契約＝前月末＋新規－解約
支払い.com,W5,=W12*W13,=W24*W13/12,"月次売上＝期末契約社数×年間単価1,500円(13行)÷12"
支払い.com,W16,=W13*W12,=W24*W13/12,紹介費用の受注数参照を期末契約社数（月次）に統一
支払い.com,X12,=PRODUCT(X6:X11) - X19,=PRODUCT(X6:X11),累計獲得数＝顧問先×各種率（PRODUCTで統一、解約は下のストック計算で控除）
支払い.com,X23,,=X12-W12,新規受注＝累計獲得数の当月増分
支払い.com,X19,=X20*PRODUCT(X6:X11),=W24*X20,解約＝前月末契約社数×月次解約率（ストック型）
支払い.com,X24,,=W24+X23-X19,期末契約＝前月末＋新規－解約
支払い.com,X5,=X12*X13,=X24*X13/12,"月次売上＝期末契約社数×年間単価1,500円(13行)÷12"
支払い.com,X16,=X13*X12,=X24*X13/12,紹介費用の受注数参照を期末契約社数（月次）に統一
支払い.com,Y12,=PRODUCT(Y6:Y11) - Y19,=PRODUCT(Y6:Y11),累計獲得数＝顧問先×各種率（PRODUCTで統一、解約は下のストック計算で控除）
支払い.com,Y23,,=Y12-X12,新規受注＝累計獲得数の当月増分
支払い.com,Y19,=Y20*PRODUCT(Y6:Y11),=X24*Y20,解約＝前月末契約社数×月次解約率（ストック型）
支払い.com,Y24,,=X24+Y23-Y19,期末契約＝前月末＋新規－解約
支払い.com,Y5,=Y12*Y13,=Y24*Y13/12,"月次売上＝期末契約社数×年間単価1,500円(13行)÷12"
支払い.com,Y16,=Y13*Y12,=Y24*Y13/12,紹介費用の受注数参照を期末契約社数（月次）に統一
支払い.com,Z12,=PRODUCT(Z6:Z11) - Z19,=PRODUCT(Z6:Z11),累計獲得数＝顧問先×各種率（PRODUCTで統一、解約は下のストック計算で控除）
支払い.com,Z23,,=Z12-Y12,新規受注＝累計獲得数の当月増分
支払い.com,Z19,=Z20*PRODUCT(Z6:Z11),=Y24*Z20,解約＝前月末契約社数×月次解約率（ストック型）
支払い.com,Z24,,=Y24+Z23-Z19,期末契約＝前月末＋新規－解約
支払い.com,Z5,=Z12*Z13,=Z24*Z13/12,"月次売上＝期末契約社数×年間単価1,500円(13行)÷12"
支払い.com,Z16,=Z13*Z12,=Z24*Z13/12,紹介費用の受注数参照を期末契約社数（月次）に統一
支払い.com,AA12,=PRODUCT(AA6:AA11) - AA19,=PRODUCT(AA6:AA11),累計獲得数＝顧問先×各種率（PRODUCTで統一、解約は下のストック計算で控除）
支払い.com,AA23,,=AA12-Z12,新規受注＝累計獲得数の当月増分
支払い.com,AA19,=AA20*PRODUCT(AA6:AA11),=Z24*AA20,解約＝前月末契約社数×月次解約率（ストック型）
支払い.com,AA24,,=Z24+AA23-AA19,期末契約＝前月末＋新規－解約
支払い.com,AA5,=AA12*AA13,=AA24*AA13/12,"月次売上＝期末契約社数×年間単価1,500円(13行)÷12"
支払い.com,AA16,=AA13*AA12,=AA24*AA13/12,紹介費用の受注数参照を期末契約社数（月次）に統一
支払い.com,AB12,=PRODUCT(AB6:AB11) - AB19,=PRODUCT(AB6:AB11),累計獲得数＝顧問先×各種率（PRODUCTで統一、解約は下のストック計算で控除）
支払い.com,AB23,,=AB12-AA12,新規受注＝累計獲得数の当月増分
支払い.com,AB19,=AB20*PRODUCT(AB6:AB11),=AA24*AB20,解約＝前月末契約社数×月次解約率（ストック型）
支払い.com,AB24,,=AA24+AB23-AB19,期末契約＝前月末＋新規－解約
支払い.com,AB5,=AB12*AB13,=AB24*AB13/12,"月次売上＝期末契約社数×年間単価1,500円(13行)÷12"
支払い.com,AB16,=AB13*AB12,=AB24*AB13/12,紹介費用の受注数参照を期末契約社数（月次）に統一
支払い.com,AC12,=PRODUCT(AC6:AC11) - AC19,=PRODUCT(AC6:AC11),累計獲得数＝顧問先×各種率（PRODUCTで統一、解約は下のストック計算で控除）
支払い.com,AC23,,=AC12-AB12,新規受注＝累計獲得数の当月増分
支払い.com,AC19,=AC20*PRODUCT(AC6:AC11),=AB24*AC20,解約＝前月末契約社数×月次解約率（ストック型）
支払い.com,AC24,,=AB24+AC23-AC19,期末契約＝前月末＋新規－解約
支払い.com,AC5,=AC12*AC13,=AC24*AC13/12,"月次売上＝期末契約社数×年間単価1,500円(13行)÷12"
支払い.com,AC16,=AC13*AC12,=AC24*AC13/12,紹介費用の受注数参照を期末契約社数（月次）に統一
支払い.com,AD12,=PRODUCT(AD6:AD11) - AD19,=PRODUCT(AD6:AD11),累計獲得数＝顧問先×各種率（PRODUCTで統一、解約は下のストック計算で控除）
支払い.com,AD23,,=AD12-AC12,新規受注＝累計獲得数の当月増分
支払い.com,AD19,=AD20*PRODUCT(AD6:AD11),=AC24*AD20,解約＝前月末契約社数×月次解約率（ストック型）
支払い.com,AD24,,=AC24+AD23-AD19,期末契約＝前月末＋新規－解約
支払い.com,AD5,=AD12*AD13,=AD24*AD13/12,"月次売上＝期末契約社数×年間単価1,500円(13行)÷12"
支払い.com,AD20,0.015,0.0175,月次解約率：Y1-2 2.0%／Y3-4 1.75%／Y5 1.5%（B2B SaaSで現実的な1.5〜2.0%帯、年数とともに逓減）
支払い.com,AD16,=AD13*AD12,=AD24*AD13/12,紹介費用の受注数参照を期末契約社数（月次）に統一
支払い.com,AE12,=PRODUCT(AE6:AE11) - AE19,=PRODUCT(AE6:AE11),累計獲得数＝顧問先×各種率（PRODUCTで統一、解約は下のストック計算で控除）
支払い.com,AE23,,=AE12-AD12,新規受注＝累計獲得数の当月増分
支払い.com,AE19,=AE20*PRODUCT(AE6:AE11),=AD24*AE20,解約＝前月末契約社数×月次解約率（ストック型）
支払い.com,AE24,,=AD24+AE23-AE19,期末契約＝前月末＋新規－解約
支払い.com,AE5,=AE12*AE13,=AE24*AE13/12,"月次売上＝期末契約社数×年間単価1,500円(13行)÷12"
支払い.com,AE20,0.015,0.0175,月次解約率：Y1-2 2.0%／Y3-4 1.75%／Y5 1.5%（B2B SaaSで現実的な1.5〜2.0%帯、年数とともに逓減）
支払い.com,AE16,=AE13*AE12,=AE24*AE13/12,紹介費用の受注数参照を期末契約社数（月次）に統一
支払い.com,AF12,=PRODUCT(AF6:AF11) - AF19,=PRODUCT(AF6:AF11),累計獲得数＝顧問先×各種率（PRODUCTで統一、解約は下のストック計算で控除）
支払い.com,AF23,,=AF12-AE12,新規受注＝累計獲得数の当月増分
支払い.com,AF19,=AF20*PRODUCT(AF6:AF11),=AE24*AF20,解約＝前月末契約社数×月次解約率（ストック型）
支払い.com,AF24,,=AE24+AF23-AF19,期末契約＝前月末＋新規－解約
支払い.com,AF5,=AF12*AF13,=AF24*AF13/12,"月次売上＝期末契約社数×年間単価1,500円(13行)÷12"
支払い.com,AF20,0.015,0.0175,月次解約率：Y1-2 2.0%／Y3-4 1.75%／Y5 1.5%（B2B SaaSで現実的な1.5〜2.0%帯、年数とともに逓減）
支払い.com,AF16,=AF13*AF12,=AF24*AF13/12,紹介費用の受注数参照を期末契約社数（月次）に統一
支払い.com,AG12,=PRODUCT(AG6:AG11) - AG19,=PRODUCT(AG6:AG11),累計獲得数＝顧問先×各種率（PRODUCTで統一、解約は下のストック計算で控除）
支払い.com,AG23,,=AG12-AF12,新規受注＝累計獲得数の当月増分
支払い.com,AG19,=AG20*PRODUCT(AG6:AG11),=AF24*AG20,解約＝前月末契約社数×月次解約率（ストック型）
支払い.com,AG24,,=AF24+AG23-AG19,期末契約＝前月末＋新規－解約
支払い.com,AG5,=AG12*AG13,=AG24*AG13/12,"月次売上＝期末契約社数×年間単価1,500円(13行)÷12"
支払い.com,AG20,0.015,0.0175,月次解約率：Y1-2 2.0%／Y3-4 1.75%／Y5 1.5%（B2B SaaSで現実的な1.5〜2.0%帯、年数とともに逓減）
支払い.com,AG16,=AG13*AG12,=AG24*AG13/12,紹介費用の受注数参照を期末契約社数（月次）に統一
支払い.com,AH12,=PRODUCT(AH6:AH11) - AH19,=PRODUCT(AH6:AH11),累計獲得数＝顧問先×各種率（PRODUCTで統一、解約は下のストック計算で控除）
支払い.com,AH23,,=AH12-AG12,新規受注＝累計獲得数の当月増分
支払い.com,AH19,=AH20*PRODUCT(AH6:AH11),=AG24*AH20,解約＝前月末契約社数×月次解約率（ストック型）
支払い.com,AH24,,=AG24+AH23-AH19,期末契約＝前月末＋新規－解約
支払い.com,AH5,=AH12*AH13,=AH24*AH13/12,"月次売上＝期末契約社数×年間単価1,500円(13行)÷12"
支払い.com,AH20,0.015,0.0175,月次解約率：Y1-2 2.0%／Y3-4 1.75%／Y5 1.5%（B2B SaaSで現実的な1.5〜2.0%帯、年数とともに逓減）
支払い.com,AH16,=AH13*AH12,=AH24*AH13/12,紹介費用の受注数参照を期末契約社数（月次）に統一
支払い.com,AI12,=PRODUCT(AI6:AI11) - AI19,=PRODUCT(AI6:AI11),累計獲得数＝顧問先×各種率（PRODUCTで統一、解約は下のストック計算で控除）
支払い.com,AI23,,=AI12-AH12,新規受注＝累計獲得数の当月増分
支払い.com,AI19,=AI20*PRODUCT(AI6:AI11),=AH24*AI20,解約＝前月末契約社数×月次解約率（ストック型）
支払い.com,AI24,,=AH24+AI23-AI19,期末契約＝前月末＋新規－解約
支払い.com,AI5,=AI12*AI13,=AI24*AI13/12,"月次売上＝期末契約社数×年間単価1,500円(13行)÷12"
支払い.com,AI20,0.015,0.0175,月次解約率：Y1-2 2.0%／Y3-4 1.75%／Y5 1.5%（B2B SaaSで現実的な1.5〜2.0%帯、年数とともに逓減）
支払い.com,AI16,=AI13*AI12,=AI24*AI13/12,紹介費用の受注数参照を期末契約社数（月次）に統一
支払い.com,AJ12,=PRODUCT(AJ6:AJ11) - AJ19,=PRODUCT(AJ6:AJ11),累計獲得数＝顧問先×各種率（PRODUCTで統一、解約は下のストック計算で控除）
支払い.com,AJ23,,=AJ12-AI12,新規受注＝累計獲得数の当月増分
支払い.com,AJ19,=AJ20*PRODUCT(AJ6:AJ11),=AI24*AJ20,解約＝前月末契約社数×月次解約率（ストック型）
支払い.com,AJ24,,=AI24+AJ23-AJ19,期末契約＝前月末＋新規－解約
支払い.com,AJ5,=AJ12*AJ13,=AJ24*AJ13/12,"月次売上＝期末契約社数×年間単価1,500円(13行)÷12"
支払い.com,AJ20,0.015,0.0175,月次解約率：Y1-2 2.0%／Y3-4 1.75%／Y5 1.5%（B2B SaaSで現実的な1.5〜2.0%帯、年数とともに逓減）
支払い.com,AJ16,=AJ13*AJ12,=AJ24*AJ13/12,紹介費用の受注数参照を期末契約社数（月次）に統一
支払い.com,AK12,=PRODUCT(AK6:AK11) - AK19,=PRODUCT(AK6:AK11),累計獲得数＝顧問先×各種率（PRODUCTで統一、解約は下のストック計算で控除）
支払い.com,AK23,,=AK12-AJ12,新規受注＝累計獲得数の当月増分
支払い.com,AK19,=AK20*PRODUCT(AK6:AK11),=AJ24*AK20,解約＝前月末契約社数×月次解約率（ストック型）
支払い.com,AK24,,=AJ24+AK23-AK19,期末契約＝前月末＋新規－解約
支払い.com,AK5,=AK12*AK13,=AK24*AK13/12,"月次売上＝期末契約社数×年間単価1,500円(13行)÷12"
支払い.com,AK20,0.015,0.0175,月次解約率：Y1-2 2.0%／Y3-4 1.75%／Y5 1.5%（B2B SaaSで現実的な1.5〜2.0%帯、年数とともに逓減）
支払い.com,AK16,=AK13*AK12,=AK24*AK13/12,紹介費用の受注数参照を期末契約社数（月次）に統一
支払い.com,AL12,=PRODUCT(AL6:AL11) - AL19,=PRODUCT(AL6:AL11),累計獲得数＝顧問先×各種率（PRODUCTで統一、解約は下のストック計算で控除）
支払い.com,AL23,,=AL12-AK12,新規受注＝累計獲得数の当月増分
支払い.com,AL19,=AL20*PRODUCT(AL6:AL11),=AK24*AL20,解約＝前月末契約社数×月次解約率（ストック型）
支払い.com,AL24,,=AK24+AL23-AL19,期末契約＝前月末＋新規－解約
支払い.com,AL5,=AL12*AL13,=AL24*AL13/12,"月次売上＝期末契約社数×年間単価1,500円(13行)÷12"
支払い.com,AL20,0.015,0.0175,月次解約率：Y1-2 2.0%／Y3-4 1.75%／Y5 1.5%（B2B SaaSで現実的な1.5〜2.0%帯、年数とともに逓減）
支払い.com,AL16,=AL13*AL12,=AL24*AL13/12,紹介費用の受注数参照を期末契約社数（月次）に統一
支払い.com,AM12,=PRODUCT(AM6:AM11) - AM19,=PRODUCT(AM6:AM11),累計獲得数＝顧問先×各種率（PRODUCTで統一、解約は下のストック計算で控除）
支払い.com,AM23,,=AM12-AL12,新規受注＝累計獲得数の当月増分
支払い.com,AM19,=AM20*PRODUCT(AM6:AM11),=AL24*AM20,解約＝前月末契約社数×月次解約率（ストック型）
支払い.com,AM24,,=AL24+AM23-AM19,期末契約＝前月末＋新規－解約
支払い.com,AM5,=AM12*AM13,=AM24*AM13/12,"月次売上＝期末契約社数×年間単価1,500円(13行)÷12"
支払い.com,AM20,0.015,0.0175,月次解約率：Y1-2 2.0%／Y3-4 1.75%／Y5 1.5%（B2B SaaSで現実的な1.5〜2.0%帯、年数とともに逓減）
支払い.com,AM16,=AM13*AM12,=AM24*AM13/12,紹介費用の受注数参照を期末契約社数（月次）に統一
支払い.com,AN12,=PRODUCT(AN6:AN11) - AN19,=PRODUCT(AN6:AN11),累計獲得数＝顧問先×各種率（PRODUCTで統一、解約は下のストック計算で控除）
支払い.com,AN23,,=AN12-AM12,新規受注＝累計獲得数の当月増分
支払い.com,AN19,=AN20*PRODUCT(AN6:AN11),=AM24*AN20,解約＝前月末契約社数×月次解約率（ストック型）
支払い.com,AN24,,=AM24+AN23-AN19,期末契約＝前月末＋新規－解約
支払い.com,AN5,=AN12*AN13,=AN24*AN13/12,"月次売上＝期末契約社数×年間単価1,500円(13行)÷12"
支払い.com,AN20,0.015,0.0175,月次解約率：Y1-2 2.0%／Y3-4 1.75%／Y5 1.5%（B2B SaaSで現実的な1.5〜2.0%帯、年数とともに逓減）
支払い.com,AN16,=AN13*AN12,=AN24*AN13/12,紹介費用の受注数参照を期末契約社数（月次）に統一
支払い.com,AO12,=PRODUCT(AO6:AO11) - AO19,=PRODUCT(AO6:AO11),累計獲得数＝顧問先×各種率（PRODUCTで統一、解約は下のストック計算で控除）
支払い.com,AO23,,=AO12-AN12,新規受注＝累計獲得数の当月増分
支払い.com,AO19,=AO20*PRODUCT(AO6:AO11),=AN24*AO20,解約＝前月末契約社数×月次解約率（ストック型）
支払い.com,AO24,,=AN24+AO23-AO19,期末契約＝前月末＋新規－解約
支払い.com,AO5,=AO12*AO13,=AO24*AO13/12,"月次売上＝期末契約社数×年間単価1,500円(13行)÷12"
支払い.com,AO20,0.015,0.0175,月次解約率：Y1-2 2.0%／Y3-4 1.75%／Y5 1.5%（B2B SaaSで現実的な1.5〜2.0%帯、年数とともに逓減）
支払い.com,AO16,=AO13*AO12,=AO24*AO13/12,紹介費用の受注数参照を期末契約社数（月次）に統一
支払い.com,AP12,=PRODUCT(AP6:AP11) - AP19,=PRODUCT(AP6:AP11),累計獲得数＝顧問先×各種率（PRODUCTで統一、解約は下のストック計算で控除）
支払い.com,AP23,,=AP12-AO12,新規受注＝累計獲得数の当月増分
支払い.com,AP19,=AP20*PRODUCT(AP6:AP11),=AO24*AP20,解約＝前月末契約社数×月次解約率（ストック型）
支払い.com,AP24,,=AO24+AP23-AP19,期末契約＝前月末＋新規－解約
支払い.com,AP5,=AP12*AP13,=AP24*AP13/12,"月次売上＝期末契約社数×年間単価1,500円(13行)÷12"
支払い.com,AP20,0.015,0.0175,月次解約率：Y1-2 2.0%／Y3-4 1.75%／Y5 1.5%（B2B SaaSで現実的な1.5〜2.0%帯、年数とともに逓減）
支払い.com,AP16,=AP13*AP12,=AP24*AP13/12,紹介費用の受注数参照を期末契約社数（月次）に統一
支払い.com,AQ12,=PRODUCT(AQ6:AQ11) - AQ19,=PRODUCT(AQ6:AQ11),累計獲得数＝顧問先×各種率（PRODUCTで統一、解約は下のストック計算で控除）
支払い.com,AQ23,,=AQ12-AP12,新規受注＝累計獲得数の当月増分
支払い.com,AQ19,=AQ20*PRODUCT(AQ6:AQ11),=AP24*AQ20,解約＝前月末契約社数×月次解約率（ストック型）
支払い.com,AQ24,,=AP24+AQ23-AQ19,期末契約＝前月末＋新規－解約
支払い.com,AQ5,=AQ12*AQ13,=AQ24*AQ13/12,"月次売上＝期末契約社数×年間単価1,500円(13行)÷12"
支払い.com,AQ20,0.015,0.0175,月次解約率：Y1-2 2.0%／Y3-4 1.75%／Y5 1.5%（B2B SaaSで現実的な1.5〜2.0%帯、年数とともに逓減）
支払い.com,AQ16,=AQ13*AQ12,=AQ24*AQ13/12,紹介費用の受注数参照を期末契約社数（月次）に統一
支払い.com,AR12,=PRODUCT(AR6:AR11) - AR19,=PRODUCT(AR6:AR11),累計獲得数＝顧問先×各種率（PRODUCTで統一、解約は下のストック計算で控除）
支払い.com,AR23,,=AR12-AQ12,新規受注＝累計獲得数の当月増分
支払い.com,AR19,=AR20*PRODUCT(AR6:AR11),=AQ24*AR20,解約＝前月末契約社数×月次解約率（ストック型）
支払い.com,AR24,,=AQ24+AR23-AR19,期末契約＝前月末＋新規－解約
支払い.com,AR5,=AR12*AR13,=AR24*AR13/12,"月次売上＝期末契約社数×年間単価1,500円(13行)÷12"
支払い.com,AR20,0.015,0.0175,月次解約率：Y1-2 2.0%／Y3-4 1.75%／Y5 1.5%（B2B SaaSで現実的な1.5〜2.0%帯、年数とともに逓減）
支払い.com,AR16,=AR13*AR12,=AR24*AR13/12,紹介費用の受注数参照を期末契約社数（月次）に統一
支払い.com,AS12,=PRODUCT(AS6:AS11) - AS19,=PRODUCT(AS6:AS11),累計獲得数＝顧問先×各種率（PRODUCTで統一、解約は下のストック計算で控除）
支払い.com,AS23,,=AS12-AR12,新規受注＝累計獲得数の当月増分
支払い.com,AS19,=AS20*PRODUCT(AS6:AS11),=AR24*AS20,解約＝前月末契約社数×月次解約率（ストック型）
支払い.com,AS24,,=AR24+AS23-AS19,期末契約＝前月末＋新規－解約
支払い.com,AS5,=AS12*AS13,=AS24*AS13/12,"月次売上＝期末契約社数×年間単価1,500円(13行)÷12"
支払い.com,AS20,0.015,0.0175,月次解約率：Y1-2 2.0%／Y3-4 1.75%／Y5 1.5%（B2B SaaSで現実的な1.5〜2.0%帯、年数とともに逓減）
支払い.com,AS16,=AS13*AS12,=AS24*AS13/12,紹介費用の受注数参照を期末契約社数（月次）に統一
支払い.com,AT12,=PRODUCT(AT6:AT11) - AT19,=PRODUCT(AT6:AT11),累計獲得数＝顧問先×各種率（PRODUCTで統一、解約は下のストック計算で控除）
支払い.com,AT23,,=AT12-AS12,新規受注＝累計獲得数の当月増分
支払い.com,AT19,=AT20*PRODUCT(AT6:AT11),=AS24*AT20,解約＝前月末契約社数×月次解約率（ストック型）
支払い.com,AT24,,=AS24+AT23-AT19,期末契約＝前月末＋新規－解約
支払い.com,AT5,=AT12*AT13,=AT24*AT13/12,"月次売上＝期末契約社数×年間単価1,500円(13行)÷12"
支払い.com,AT20,0.015,0.0175,月次解約率：Y1-2 2.0%／Y3-4 1.75%／Y5 1.5%（B2B SaaSで現実的な1.5〜2.0%帯、年数とともに逓減）
支払い.com,AT16,=AT13*AT12,=AT24*AT13/12,紹介費用の受注数参照を期末契約社数（月次）に統一
支払い.com,AU12,=PRODUCT(AU6:AU11) - AU19,=PRODUCT(AU6:AU11),累計獲得数＝顧問先×各種率（PRODUCTで統一、解約は下のストック計算で控除）
支払い.com,AU23,,=AU12-AT12,新規受注＝累計獲得数の当月増分
支払い.com,AU19,=AU20*PRODUCT(AU6:AU11),=AT24*AU20,解約＝前月末契約社数×月次解約率（ストック型）
支払い.com,AU24,,=AT24+AU23-AU19,期末契約＝前月末＋新規－解約
支払い.com,AU5,=AU12*AU13,=AU24*AU13/12,"月次売上＝期末契約社数×年間単価1,500円(13行)÷12"
支払い.com,AU20,0.015,0.0175,月次解約率：Y1-2 2.0%／Y3-4 1.75%／Y5 1.5%（B2B SaaSで現実的な1.5〜2.0%帯、年数とともに逓減）
支払い.com,AU16,=AU13*AU12,=AU24*AU13/12,紹介費用の受注数参照を期末契約社数（月次）に統一
支払い.com,AV12,=PRODUCT(AV6:AV11) - AV19,=PRODUCT(AV6:AV11),累計獲得数＝顧問先×各種率（PRODUCTで統一、解約は下のストック計算で控除）
支払い.com,AV23,,=AV12-AU12,新規受注＝累計獲得数の当月増分
支払い.com,AV19,=AV20*PRODUCT(AV6:AV11),=AU24*AV20,解約＝前月末契約社数×月次解約率（ストック型）
支払い.com,AV24,,=AU24+AV23-AV19,期末契約＝前月末＋新規－解約
支払い.com,AV5,=AV12*AV13,=AV24*AV13/12,"月次売上＝期末契約社数×年間単価1,500円(13行)÷12"
支払い.com,AV20,0.015,0.0175,月次解約率：Y1-2 2.0%／Y3-4 1.75%／Y5 1.5%（B2B SaaSで現実的な1.5〜2.0%帯、年数とともに逓減）
支払い.com,AV16,=AV13*AV12,=AV24*AV13/12,紹介費用の受注数参照を期末契約社数（月次）に統一
支払い.com,AW12,=PRODUCT(AW6:AW11) - AW19,=PRODUCT(AW6:AW11),累計獲得数＝顧問先×各種率（PRODUCTで統一、解約は下のストック計算で控除）
支払い.com,AW23,,=AW12-AV12,新規受注＝累計獲得数の当月増分
支払い.com,AW19,=AW20*PRODUCT(AW6:AW11),=AV24*AW20,解約＝前月末契約社数×月次解約率（ストック型）
支払い.com,AW24,,=AV24+AW23-AW19,期末契約＝前月末＋新規－解約
支払い.com,AW5,=AW12*AW13,=AW24*AW13/12,"月次売上＝期末契約社数×年間単価1,500円(13行)÷12"
支払い.com,AW20,0.015,0.0175,月次解約率：Y1-2 2.0%／Y3-4 1.75%／Y5 1.5%（B2B SaaSで現実的な1.5〜2.0%帯、年数とともに逓減）
支払い.com,AW16,=AW13*AW12,=AW24*AW13/12,紹介費用の受注数参照を期末契約社数（月次）に統一
支払い.com,AX12,=PRODUCT(AX6:AX11) - AX19,=PRODUCT(AX6:AX11),累計獲得数＝顧問先×各種率（PRODUCTで統一、解約は下のストック計算で控除）
支払い.com,AX23,,=AX12-AW12,新規受注＝累計獲得数の当月増分
支払い.com,AX19,=AX20*PRODUCT(AX6:AX11),=AW24*AX20,解約＝前月末契約社数×月次解約率（ストック型）
支払い.com,AX24,,=AW24+AX23-AX19,期末契約＝前月末＋新規－解約
支払い.com,AX5,=AX12*AX13,=AX24*AX13/12,"月次売上＝期末契約社数×年間単価1,500円(13行)÷12"
支払い.com,AX20,0.015,0.0175,月次解約率：Y1-2 2.0%／Y3-4 1.75%／Y5 1.5%（B2B SaaSで現実的な1.5〜2.0%帯、年数とともに逓減）
支払い.com,AX16,=AX13*AX12,=AX24*AX13/12,紹介費用の受注数参照を期末契約社数（月次）に統一
支払い.com,AY12,=PRODUCT(AY6:AY11) - AY19,=PRODUCT(AY6:AY11),累計獲得数＝顧問先×各種率（PRODUCTで統一、解約は下のストック計算で控除）
支払い.com,AY23,,=AY12-AX12,新規受注＝累計獲得数の当月増分
支払い.com,AY19,=AY20*PRODUCT(AY6:AY11),=AX24*AY20,解約＝前月末契約社数×月次解約率（ストック型）
支払い.com,AY24,,=AX24+AY23-AY19,期末契約＝前月末＋新規－解約
支払い.com,AY5,=AY12*AY13,=AY24*AY13/12,"月次売上＝期末契約社数×年間単価1,500円(13行)÷12"
支払い.com,AY20,0.015,0.0175,月次解約率：Y1-2 2.0%／Y3-4 1.75%／Y5 1.5%（B2B SaaSで現実的な1.5〜2.0%帯、年数とともに逓減）
支払い.com,AY16,=AY13*AY12,=AY24*AY13/12,紹介費用の受注数参照を期末契約社数（月次）に統一
支払い.com,AZ12,=PRODUCT(AZ6:AZ11) - AZ19,=PRODUCT(AZ6:AZ11),累計獲得数＝顧問先×各種率（PRODUCTで統一、解約は下のストック計算で控除）
支払い.com,AZ23,,=AZ12-AY12,新規受注＝累計獲得数の当月増分
支払い.com,AZ19,=AZ20*PRODUCT(AZ6:AZ11),=AY24*AZ20,解約＝前月末契約社数×月次解約率（ストック型）
支払い.com,AZ24,,=AY24+AZ23-AZ19,期末契約＝前月末＋新規－解約
支払い.com,AZ5,=AZ12*AZ13,=AZ24*AZ13/12,"月次売上＝期末契約社数×年間単価1,500円(13行)÷12"
支払い.com,AZ20,0.015,0.0175,月次解約率：Y1-2 2.0%／Y3-4 1.75%／Y5 1.5%（B2B SaaSで現実的な1.5〜2.0%帯、年数とともに逓減）
支払い.com,AZ16,=AZ13*AZ12,=AZ24*AZ13/12,紹介費用の受注数参照を期末契約社数（月次）に統一
支払い.com,BA12,=PRODUCT(BA6:BA11) - BA19,=PRODUCT(BA6:BA11),累計獲得数＝顧問先×各種率（PRODUCTで統一、解約は下のストック計算で控除）
支払い.com,BA23,,=BA12-AZ12,新規受注＝累計獲得数の当月増分
支払い.com,BA19,=BA20*PRODUCT(BA6:BA11),=AZ24*BA20,解約＝前月末契約社数×月次解約率（ストック型）
支払い.com,BA24,,=AZ24+BA23-BA19,期末契約＝前月末＋新規－解約
支払い.com,BA5,=BA12*BA13,=BA24*BA13/12,"月次売上＝期末契約社数×年間単価1,500円(13行)÷12"
支払い.com,BA20,0.015,0.0175,月次解約率：Y1-2 2.0%／Y3-4 1.75%／Y5 1.5%（B2B SaaSで現実的な1.5〜2.0%帯、年数とともに逓減）
支払い.com,BA16,=BA13*BA12,=BA24*BA13/12,紹介費用の受注数参照を期末契約社数（月次）に統一
支払い.com,BB12,=PRODUCT(BB6:BB11) - BB19,=PRODUCT(BB6:BB11),累計獲得数＝顧問先×各種率（PRODUCTで統一、解約は下のストック計算で控除）
支払い.com,BB23,,=BB12-BA12,新規受注＝累計獲得数の当月増分
支払い.com,BB19,=BB20*PRODUCT(BB6:BB11),=BA24*BB20,解約＝前月末契約社数×月次解約率（ストック型）
支払い.com,BB24,,=BA24+BB23-BB19,期末契約＝前月末＋新規－解約
支払い.com,BB5,=BB12*BB13,=BB24*BB13/12,"月次売上＝期末契約社数×年間単価1,500円(13行)÷12"
支払い.com,BB20,0.01,0.015,月次解約率：Y1-2 2.0%／Y3-4 1.75%／Y5 1.5%（B2B SaaSで現実的な1.5〜2.0%帯、年数とともに逓減）
支払い.com,BB16,=BB13*BB12,=BB24*BB13/12,紹介費用の受注数参照を期末契約社数（月次）に統一
支払い.com,BC12,=PRODUCT(BC6:BC11) - BC19,=PRODUCT(BC6:BC11),累計獲得数＝顧問先×各種率（PRODUCTで統一、解約は下のストック計算で控除）
支払い.com,BC23,,=BC12-BB12,新規受注＝累計獲得数の当月増分
支払い.com,BC19,=BC20*PRODUCT(BC6:BC11),=BB24*BC20,解約＝前月末契約社数×月次解約率（ストック型）
支払い.com,BC24,,=BB24+BC23-BC19,期末契約＝前月末＋新規－解約
支払い.com,BC5,=BC12*BC13,=BC24*BC13/12,"月次売上＝期末契約社数×年間単価1,500円(13行)÷12"
支払い.com,BC20,0.01,0.015,月次解約率：Y1-2 2.0%／Y3-4 1.75%／Y5 1.5%（B2B SaaSで現実的な1.5〜2.0%帯、年数とともに逓減）
支払い.com,BC16,=BC13*BC12,=BC24*BC13/12,紹介費用の受注数参照を期末契約社数（月次）に統一
支払い.com,BD12,=PRODUCT(BD6:BD11) - BD19,=PRODUCT(BD6:BD11),累計獲得数＝顧問先×各種率（PRODUCTで統一、解約は下のストック計算で控除）
支払い.com,BD23,,=BD12-BC12,新規受注＝累計獲得数の当月増分
支払い.com,BD19,=BD20*PRODUCT(BD6:BD11),=BC24*BD20,解約＝前月末契約社数×月次解約率（ストック型）
支払い.com,BD24,,=BC24+BD23-BD19,期末契約＝前月末＋新規－解約
支払い.com,BD5,=BD12*BD13,=BD24*BD13/12,"月次売上＝期末契約社数×年間単価1,500円(13行)÷12"
支払い.com,BD20,0.01,0.015,月次解約率：Y1-2 2.0%／Y3-4 1.75%／Y5 1.5%（B2B SaaSで現実的な1.5〜2.0%帯、年数とともに逓減）
支払い.com,BD16,=BD13*BD12,=BD24*BD13/12,紹介費用の受注数参照を期末契約社数（月次）に統一
支払い.com,BE12,=PRODUCT(BE6:BE11) - BE19,=PRODUCT(BE6:BE11),累計獲得数＝顧問先×各種率（PRODUCTで統一、解約は下のストック計算で控除）
支払い.com,BE23,,=BE12-BD12,新規受注＝累計獲得数の当月増分
支払い.com,BE19,=BE20*PRODUCT(BE6:BE11),=BD24*BE20,解約＝前月末契約社数×月次解約率（ストック型）
支払い.com,BE24,,=BD24+BE23-BE19,期末契約＝前月末＋新規－解約
支払い.com,BE5,=BE12*BE13,=BE24*BE13/12,"月次売上＝期末契約社数×年間単価1,500円(13行)÷12"
支払い.com,BE20,0.01,0.015,月次解約率：Y1-2 2.0%／Y3-4 1.75%／Y5 1.5%（B2B SaaSで現実的な1.5〜2.0%帯、年数とともに逓減）
支払い.com,BE16,=BE13*BE12,=BE24*BE13/12,紹介費用の受注数参照を期末契約社数（月次）に統一
支払い.com,BF12,=PRODUCT(BF6:BF11) - BF19,=PRODUCT(BF6:BF11),累計獲得数＝顧問先×各種率（PRODUCTで統一、解約は下のストック計算で控除）
支払い.com,BF23,,=BF12-BE12,新規受注＝累計獲得数の当月増分
支払い.com,BF19,=BF20*PRODUCT(BF6:BF11),=BE24*BF20,解約＝前月末契約社数×月次解約率（ストック型）
支払い.com,BF24,,=BE24+BF23-BF19,期末契約＝前月末＋新規－解約
支払い.com,BF5,=BF12*BF13,=BF24*BF13/12,"月次売上＝期末契約社数×年間単価1,500円(13行)÷12"
支払い.com,BF20,0.01,0.015,月次解約率：Y1-2 2.0%／Y3-4 1.75%／Y5 1.5%（B2B SaaSで現実的な1.5〜2.0%帯、年数とともに逓減）
支払い.com,BF16,=BF13*BF12,=BF24*BF13/12,紹介費用の受注数参照を期末契約社数（月次）に統一
支払い.com,BG12,=PRODUCT(BG6:BG11) - BG19,=PRODUCT(BG6:BG11),累計獲得数＝顧問先×各種率（PRODUCTで統一、解約は下のストック計算で控除）
支払い.com,BG23,,=BG12-BF12,新規受注＝累計獲得数の当月増分
支払い.com,BG19,=BG20*PRODUCT(BG6:BG11),=BF24*BG20,解約＝前月末契約社数×月次解約率（ストック型）
支払い.com,BG24,,=BF24+BG23-BG19,期末契約＝前月末＋新規－解約
支払い.com,BG5,=BG12*BG13,=BG24*BG13/12,"月次売上＝期末契約社数×年間単価1,500円(13行)÷12"
支払い.com,BG20,0.01,0.015,月次解約率：Y1-2 2.0%／Y3-4 1.75%／Y5 1.5%（B2B SaaSで現実的な1.5〜2.0%帯、年数とともに逓減）
支払い.com,BG16,=BG13*BG12,=BG24*BG13/12,紹介費用の受注数参照を期末契約社数（月次）に統一
支払い.com,BH12,=PRODUCT(BH6:BH11) - BH19,=PRODUCT(BH6:BH11),累計獲得数＝顧問先×各種率（PRODUCTで統一、解約は下のストック計算で控除）
支払い.com,BH23,,=BH12-BG12,新規受注＝累計獲得数の当月増分
支払い.com,BH19,=BH20*PRODUCT(BH6:BH11),=BG24*BH20,解約＝前月末契約社数×月次解約率（ストック型）
支払い.com,BH24,,=BG24+BH23-BH19,期末契約＝前月末＋新規－解約
支払い.com,BH5,=BH12*BH13,=BH24*BH13/12,"月次売上＝期末契約社数×年間単価1,500円(13行)÷12"
支払い.com,BH20,0.01,0.015,月次解約率：Y1-2 2.0%／Y3-4 1.75%／Y5 1.5%（B2B SaaSで現実的な1.5〜2.0%帯、年数とともに逓減）
支払い.com,BH16,=BH13*BH12,=BH24*BH13/12,紹介費用の受注数参照を期末契約社数（月次）に統一
支払い.com,BI12,=PRODUCT(BI6:BI11) - BI19,=PRODUCT(BI6:BI11),累計獲得数＝顧問先×各種率（PRODUCTで統一、解約は下のストック計算で控除）
支払い.com,BI23,,=BI12-BH12,新規受注＝累計獲得数の当月増分
支払い.com,BI19,=BI20*PRODUCT(BI6:BI11),=BH24*BI20,解約＝前月末契約社数×月次解約率（ストック型）
支払い.com,BI24,,=BH24+BI23-BI19,期末契約＝前月末＋新規－解約
支払い.com,BI5,=BI12*BI13,=BI24*BI13/12,"月次売上＝期末契約社数×年間単価1,500円(13行)÷12"
支払い.com,BI20,0.01,0.015,月次解約率：Y1-2 2.0%／Y3-4 1.75%／Y5 1.5%（B2B SaaSで現実的な1.5〜2.0%帯、年数とともに逓減）
支払い.com,BI16,=BI13*BI12,=BI24*BI13/12,紹介費用の受注数参照を期末契約社数（月次）に統一
支払い.com,BJ12,=PRODUCT(BJ6:BJ11) - BJ19,=PRODUCT(BJ6:BJ11),累計獲得数＝顧問先×各種率（PRODUCTで統一、解約は下のストック計算で控除）
支払い.com,BJ23,,=BJ12-BI12,新規受注＝累計獲得数の当月増分
支払い.com,BJ19,=BJ20*PRODUCT(BJ6:BJ11),=BI24*BJ20,解約＝前月末契約社数×月次解約率（ストック型）
支払い.com,BJ24,,=BI24+BJ23-BJ19,期末契約＝前月末＋新規－解約
支払い.com,BJ5,=BJ12*BJ13,=BJ24*BJ13/12,"月次売上＝期末契約社数×年間単価1,500円(13行)÷12"
支払い.com,BJ20,0.01,0.015,月次解約率：Y1-2 2.0%／Y3-4 1.75%／Y5 1.5%（B2B SaaSで現実的な1.5〜2.0%帯、年数とともに逓減）
支払い.com,BJ16,=BJ13*BJ12,=BJ24*BJ13/12,紹介費用の受注数参照を期末契約社数（月次）に統一
支払い.com,BK12,=PRODUCT(BK6:BK11) - BK19,=PRODUCT(BK6:BK11),累計獲得数＝顧問先×各種率（PRODUCTで統一、解約は下のストック計算で控除）
支払い.com,BK23,,=BK12-BJ12,新規受注＝累計獲得数の当月増分
支払い.com,BK19,=BK20*PRODUCT(BK6:BK11),=BJ24*BK20,解約＝前月末契約社数×月次解約率（ストック型）
支払い.com,BK24,,=BJ24+BK23-BK19,期末契約＝前月末＋新規－解約
支払い.com,BK5,=BK12*BK13,=BK24*BK13/12,"月次売上＝期末契約社数×年間単価1,500円(13行)÷12"
支払い.com,BK20,0.01,0.015,月次解約率：Y1-2 2.0%／Y3-4 1.75%／Y5 1.5%（B2B SaaSで現実的な1.5〜2.0%帯、年数とともに逓減）
支払い.com,BK16,=BK13*BK12,=BK24*BK13/12,紹介費用の受注数参照を期末契約社数（月次）に統一
支払い.com,BL12,=PRODUCT(BL6:BL11) - BL19,=PRODUCT(BL6:BL11),累計獲得数＝顧問先×各種率（PRODUCTで統一、解約は下のストック計算で控除）
支払い.com,BL23,,=BL12-BK12,新規受注＝累計獲得数の当月増分
支払い.com,BL19,=BL20*PRODUCT(BL6:BL11),=BK24*BL20,解約＝前月末契約社数×月次解約率（ストック型）
支払い.com,BL24,,=BK24+BL23-BL19,期末契約＝前月末＋新規－解約
支払い.com,BL5,=BL12*BL13,=BL24*BL13/12,"月次売上＝期末契約社数×年間単価1,500円(13行)÷12"
支払い.com,BL20,0.01,0.015,月次解約率：Y1-2 2.0%／Y3-4 1.75%／Y5 1.5%（B2B SaaSで現実的な1.5〜2.0%帯、年数とともに逓減）
支払い.com,BL16,=BL13*BL12,=BL24*BL13/12,紹介費用の受注数参照を期末契約社数（月次）に統一
支払い.com,BM12,=PRODUCT(BM6:BM11) - BM19,=PRODUCT(BM6:BM11),累計獲得数＝顧問先×各種率（PRODUCTで統一、解約は下のストック計算で控除）
支払い.com,BM23,,=BM12-BL12,新規受注＝累計獲得数の当月増分
支払い.com,BM19,=BM20*PRODUCT(BM6:BM11),=BL24*BM20,解約＝前月末契約社数×月次解約率（ストック型）
支払い.com,BM24,,=BL24+BM23-BM19,期末契約＝前月末＋新規－解約
支払い.com,BM5,=BM12*BM13,=BM24*BM13/12,"月次売上＝期末契約社数×年間単価1,500円(13行)÷12"
支払い.com,BM20,0.01,0.015,月次解約率：Y1-2 2.0%／Y3-4 1.75%／Y5 1.5%（B2B SaaSで現実的な1.5〜2.0%帯、年数とともに逓減）
支払い.com,BM16,=BM13*BM12,=BM24*BM13/12,紹介費用の受注数参照を期末契約社数（月次）に統一
支払い.com,BN5,=BN12*BN13,=SUM(F5:Q5),年間売上＝M1〜M12の月次売上の合計(SUM)
支払い.com,BN17,105,=Q17,年次列の税理士数を期末月にリンク（直値→参照）
支払い.com,BN12,=PRODUCT(BN6:BN11) - BN19,=PRODUCT(BN6:BN11),累計獲得数（期末）
支払い.com,BN23,,=SUM(F23:Q23),年間新規受注＝月次合計
支払い.com,BN24,,=Q24,期末契約社数＝期末月の値
支払い.com,BN20,0.12,=AVERAGE(F20:Q20),年次列の解約率＝月次解約率の年平均（旧：12%/1%の不揃いな表示値）
支払い.com,BN16,=BN13*BN12,=SUM(F16:Q16),年間紹介費用＝月次合計
支払い.com,BO5,=BO12*BO13,=SUM(R5:AC5),年間売上＝M1〜M12の月次売上の合計(SUM)
支払い.com,BO17,274,=AC17,年次列の税理士数を期末月にリンク（直値→参照）
支払い.com,BO12,=PRODUCT(BO6:BO11) - BO19,=PRODUCT(BO6:BO11),累計獲得数（期末）
支払い.com,BO23,,=SUM(R23:AC23),年間新規受注＝月次合計
支払い.com,BO24,,=AC24,期末契約社数＝期末月の値
支払い.com,BO20,0.12,=AVERAGE(R20:AC20),年次列の解約率＝月次解約率の年平均（旧：12%/1%の不揃いな表示値）
支払い.com,BO16,=BO13*BO12,=SUM(R16:AC16),年間紹介費用＝月次合計
支払い.com,BP5,=BP12*BP13,=SUM(AD5:AO5),年間売上＝M1〜M12の月次売上の合計(SUM)
支払い.com,BP17,506,=AO17,年次列の税理士数を期末月にリンク（直値→参照）
支払い.com,BP12,=PRODUCT(BP6:BP11) - BP19,=PRODUCT(BP6:BP11),累計獲得数（期末）
支払い.com,BP23,,=SUM(AD23:AO23),年間新規受注＝月次合計
支払い.com,BP24,,=AO24,期末契約社数＝期末月の値
支払い.com,BP20,0.12,=AVERAGE(AD20:AO20),年次列の解約率＝月次解約率の年平均（旧：12%/1%の不揃いな表示値）
支払い.com,BP16,=BP13*BP12,=SUM(AD16:AO16),年間紹介費用＝月次合計
支払い.com,BQ5,=BQ12*BQ13,=SUM(AP5:BA5),年間売上＝M1〜M12の月次売上の合計(SUM)
支払い.com,BQ17,778,=BA17,年次列の税理士数を期末月にリンク（直値→参照）
支払い.com,BQ12,=PRODUCT(BQ6:BQ11) - BQ19,=PRODUCT(BQ6:BQ11),累計獲得数（期末）
支払い.com,BQ23,,=SUM(AP23:BA23),年間新規受注＝月次合計
支払い.com,BQ24,,=BA24,期末契約社数＝期末月の値
支払い.com,BQ20,0.12,=AVERAGE(AP20:BA20),年次列の解約率＝月次解約率の年平均（旧：12%/1%の不揃いな表示値）
支払い.com,BQ16,=BQ13*BQ12,=SUM(AP16:BA16),年間紹介費用＝月次合計
支払い.com,BR5,=BR12*BR13,=SUM(BB5:BM5),年間売上＝M1〜M12の月次売上の合計(SUM)
支払い.com,BR17,1138,=BM17,年次列の税理士数を期末月にリンク（直値→参照）
支払い.com,BR12,=PRODUCT(BR6:BR11) - BR19,=PRODUCT(BR6:BR11),累計獲得数（期末）
支払い.com,BR23,,=SUM(BB23:BM23),年間新規受注＝月次合計
支払い.com,BR24,,=BM24,期末契約社数＝期末月の値
支払い.com,BR20,0.12,=AVERAGE(BB20:BM20),年次列の解約率＝月次解約率の年平均（旧：12%/1%の不揃いな表示値）
支払い.com,BR16,=BR13*BR12,=SUM(BB16:BM16),年間紹介費用＝月次合計
PB,C21,,新規受注数（当月）,追加行：累計獲得数の当月増分
PB,D21,,＝当月の累計獲得数(10行)－前月の累計獲得数。税理士獲得ロジック(×35等)は別途検討中のため、既存ファネルを流用,説明
PB,C22,,期末契約社数（ストック）,追加行：売上計算の基礎となる契約社数
PB,D22,,＝前月末契約社数＋新規受注数－解約予想数。売上＝本行×単価,説明
PB,C10,１税理士 / 受注数,１税理士 / 受注数（累計獲得数・解約前）,ストック化に伴い、本行は解約前の累計獲得数（ファネル）と定義
PB,F10,=PRODUCT(F6:F9) - F17,=PRODUCT(F6:F9),累計獲得数＝顧問先×各種率（PRODUCTで統一、解約は下のストック計算で控除）
PB,F21,,=F10,新規受注＝累計獲得数の当月増分
PB,F17,=F18*PRODUCT(F6:F9),0,期初（前月契約なし）
PB,F22,,=F21-F17,期末契約＝前月末＋新規－解約
PB,F5,=F10*F11,=F22*F11/12,"月次売上＝期末契約社数×年間単価2,160円(11行)÷12"
PB,F14,=F11*F10,=F22*F11/12,紹介費用の受注数参照を期末契約社数（月次）に統一
PB,G10,=PRODUCT(G6:G9) - G17,=PRODUCT(G6:G9),累計獲得数＝顧問先×各種率（PRODUCTで統一、解約は下のストック計算で控除）
PB,G21,,=G10-F10,新規受注＝累計獲得数の当月増分
PB,G17,=G18*PRODUCT(G6:G9),=F22*G18,解約＝前月末契約社数×月次解約率（ストック型）
PB,G22,,=F22+G21-G17,期末契約＝前月末＋新規－解約
PB,G5,=G11*G10,=G22*G11/12,"月次売上＝期末契約社数×年間単価2,160円(11行)÷12"
PB,G14,=G11*G10,=G22*G11/12,紹介費用の受注数参照を期末契約社数（月次）に統一
PB,H10,=PRODUCT(H6:H9) - H17,=PRODUCT(H6:H9),累計獲得数＝顧問先×各種率（PRODUCTで統一、解約は下のストック計算で控除）
PB,H21,,=H10-G10,新規受注＝累計獲得数の当月増分
PB,H17,=H18*PRODUCT(H6:H9),=G22*H18,解約＝前月末契約社数×月次解約率（ストック型）
PB,H22,,=G22+H21-H17,期末契約＝前月末＋新規－解約
PB,H5,=H11*H10,=H22*H11/12,"月次売上＝期末契約社数×年間単価2,160円(11行)÷12"
PB,H14,=H11*H10,=H22*H11/12,紹介費用の受注数参照を期末契約社数（月次）に統一
PB,I10,=PRODUCT(I6:I9) - I17,=PRODUCT(I6:I9),累計獲得数＝顧問先×各種率（PRODUCTで統一、解約は下のストック計算で控除）
PB,I21,,=I10-H10,新規受注＝累計獲得数の当月増分
PB,I17,=I18*PRODUCT(I6:I9),=H22*I18,解約＝前月末契約社数×月次解約率（ストック型）
PB,I22,,=H22+I21-I17,期末契約＝前月末＋新規－解約
PB,I5,=I11*I10,=I22*I11/12,"月次売上＝期末契約社数×年間単価2,160円(11行)÷12"
PB,I14,=I11*I10,=I22*I11/12,紹介費用の受注数参照を期末契約社数（月次）に統一
PB,J10,=PRODUCT(J6:J9) - J17,=PRODUCT(J6:J9),累計獲得数＝顧問先×各種率（PRODUCTで統一、解約は下のストック計算で控除）
PB,J21,,=J10-I10,新規受注＝累計獲得数の当月増分
PB,J17,=J18*PRODUCT(J6:J9),=I22*J18,解約＝前月末契約社数×月次解約率（ストック型）
PB,J22,,=I22+J21-J17,期末契約＝前月末＋新規－解約
PB,J5,=J11*J10,=J22*J11/12,"月次売上＝期末契約社数×年間単価2,160円(11行)÷12"
PB,J14,=J11*J10,=J22*J11/12,紹介費用の受注数参照を期末契約社数（月次）に統一
PB,K10,=PRODUCT(K6:K9) - K17,=PRODUCT(K6:K9),累計獲得数＝顧問先×各種率（PRODUCTで統一、解約は下のストック計算で控除）
PB,K21,,=K10-J10,新規受注＝累計獲得数の当月増分
PB,K17,=K18*PRODUCT(K6:K9),=J22*K18,解約＝前月末契約社数×月次解約率（ストック型）
PB,K22,,=J22+K21-K17,期末契約＝前月末＋新規－解約
PB,K5,=K11*K10,=K22*K11/12,"月次売上＝期末契約社数×年間単価2,160円(11行)÷12"
PB,K14,=K11*K10,=K22*K11/12,紹介費用の受注数参照を期末契約社数（月次）に統一
PB,L10,=PRODUCT(L6:L9) - L17,=PRODUCT(L6:L9),累計獲得数＝顧問先×各種率（PRODUCTで統一、解約は下のストック計算で控除）
PB,L21,,=L10-K10,新規受注＝累計獲得数の当月増分
PB,L17,=L18*PRODUCT(L6:L9),=K22*L18,解約＝前月末契約社数×月次解約率（ストック型）
PB,L22,,=K22+L21-L17,期末契約＝前月末＋新規－解約
PB,L5,=L11*L10,=L22*L11/12,"月次売上＝期末契約社数×年間単価2,160円(11行)÷12"
PB,L14,=L11*L10,=L22*L11/12,紹介費用の受注数参照を期末契約社数（月次）に統一
PB,M10,=PRODUCT(M6:M9) - M17,=PRODUCT(M6:M9),累計獲得数＝顧問先×各種率（PRODUCTで統一、解約は下のストック計算で控除）
PB,M21,,=M10-L10,新規受注＝累計獲得数の当月増分
PB,M17,=M18*PRODUCT(M6:M9),=L22*M18,解約＝前月末契約社数×月次解約率（ストック型）
PB,M22,,=L22+M21-M17,期末契約＝前月末＋新規－解約
PB,M5,=M11*M10,=M22*M11/12,"月次売上＝期末契約社数×年間単価2,160円(11行)÷12"
PB,M14,=M11*M10,=M22*M11/12,紹介費用の受注数参照を期末契約社数（月次）に統一
PB,N10,=PRODUCT(N6:N9) - N17,=PRODUCT(N6:N9),累計獲得数＝顧問先×各種率（PRODUCTで統一、解約は下のストック計算で控除）
PB,N21,,=N10-M10,新規受注＝累計獲得数の当月増分
PB,N17,=N18*PRODUCT(N6:N9),=M22*N18,解約＝前月末契約社数×月次解約率（ストック型）
PB,N22,,=M22+N21-N17,期末契約＝前月末＋新規－解約
PB,N5,=N11*N10,=N22*N11/12,"月次売上＝期末契約社数×年間単価2,160円(11行)÷12"
PB,N14,=N11*N10,=N22*N11/12,紹介費用の受注数参照を期末契約社数（月次）に統一
PB,O10,=PRODUCT(O6:O9) - O17,=PRODUCT(O6:O9),累計獲得数＝顧問先×各種率（PRODUCTで統一、解約は下のストック計算で控除）
PB,O21,,=O10-N10,新規受注＝累計獲得数の当月増分
PB,O17,=O18*PRODUCT(O6:O9),=N22*O18,解約＝前月末契約社数×月次解約率（ストック型）
PB,O22,,=N22+O21-O17,期末契約＝前月末＋新規－解約
PB,O5,=O11*O10,=O22*O11/12,"月次売上＝期末契約社数×年間単価2,160円(11行)÷12"
PB,O14,=O11*O10,=O22*O11/12,紹介費用の受注数参照を期末契約社数（月次）に統一
PB,P10,=PRODUCT(P6:P9) - P17,=PRODUCT(P6:P9),累計獲得数＝顧問先×各種率（PRODUCTで統一、解約は下のストック計算で控除）
PB,P21,,=P10-O10,新規受注＝累計獲得数の当月増分
PB,P17,=P18*PRODUCT(P6:P9),=O22*P18,解約＝前月末契約社数×月次解約率（ストック型）
PB,P22,,=O22+P21-P17,期末契約＝前月末＋新規－解約
PB,P5,=P11*P10,=P22*P11/12,"月次売上＝期末契約社数×年間単価2,160円(11行)÷12"
PB,P14,=P11*P10,=P22*P11/12,紹介費用の受注数参照を期末契約社数（月次）に統一
PB,Q10,=PRODUCT(Q6:Q9) - Q17,=PRODUCT(Q6:Q9),累計獲得数＝顧問先×各種率（PRODUCTで統一、解約は下のストック計算で控除）
PB,Q21,,=Q10-P10,新規受注＝累計獲得数の当月増分
PB,Q17,=Q18*PRODUCT(Q6:Q9),=P22*Q18,解約＝前月末契約社数×月次解約率（ストック型）
PB,Q22,,=P22+Q21-Q17,期末契約＝前月末＋新規－解約
PB,Q5,=Q11*Q10,=Q22*Q11/12,"月次売上＝期末契約社数×年間単価2,160円(11行)÷12"
PB,Q14,=Q11*Q10,=Q22*Q11/12,紹介費用の受注数参照を期末契約社数（月次）に統一
PB,R10,=PRODUCT(R6:R9) - R17,=PRODUCT(R6:R9),累計獲得数＝顧問先×各種率（PRODUCTで統一、解約は下のストック計算で控除）
PB,R21,,=R10-Q10,新規受注＝累計獲得数の当月増分
PB,R17,=R18*PRODUCT(R6:R9),=Q22*R18,解約＝前月末契約社数×月次解約率（ストック型）
PB,R22,,=Q22+R21-R17,期末契約＝前月末＋新規－解約
PB,R5,=R11*R10,=R22*R11/12,"月次売上＝期末契約社数×年間単価2,160円(11行)÷12"
PB,R14,=R11*R10,=R22*R11/12,紹介費用の受注数参照を期末契約社数（月次）に統一
PB,S10,=PRODUCT(S6:S9) - S17,=PRODUCT(S6:S9),累計獲得数＝顧問先×各種率（PRODUCTで統一、解約は下のストック計算で控除）
PB,S21,,=S10-R10,新規受注＝累計獲得数の当月増分
PB,S17,=S18*PRODUCT(S6:S9),=R22*S18,解約＝前月末契約社数×月次解約率（ストック型）
PB,S22,,=R22+S21-S17,期末契約＝前月末＋新規－解約
PB,S5,=S11*S10,=S22*S11/12,"月次売上＝期末契約社数×年間単価2,160円(11行)÷12"
PB,S14,=S11*S10,=S22*S11/12,紹介費用の受注数参照を期末契約社数（月次）に統一
PB,T10,=PRODUCT(T6:T9) - T17,=PRODUCT(T6:T9),累計獲得数＝顧問先×各種率（PRODUCTで統一、解約は下のストック計算で控除）
PB,T21,,=T10-S10,新規受注＝累計獲得数の当月増分
PB,T17,=T18*PRODUCT(T6:T9),=S22*T18,解約＝前月末契約社数×月次解約率（ストック型）
PB,T22,,=S22+T21-T17,期末契約＝前月末＋新規－解約
PB,T5,=T11*T10,=T22*T11/12,"月次売上＝期末契約社数×年間単価2,160円(11行)÷12"
PB,T14,=T11*T10,=T22*T11/12,紹介費用の受注数参照を期末契約社数（月次）に統一
PB,U10,=PRODUCT(U6:U9) - U17,=PRODUCT(U6:U9),累計獲得数＝顧問先×各種率（PRODUCTで統一、解約は下のストック計算で控除）
PB,U21,,=U10-T10,新規受注＝累計獲得数の当月増分
PB,U17,=U18*PRODUCT(U6:U9),=T22*U18,解約＝前月末契約社数×月次解約率（ストック型）
PB,U22,,=T22+U21-U17,期末契約＝前月末＋新規－解約
PB,U5,=U11*U10,=U22*U11/12,"月次売上＝期末契約社数×年間単価2,160円(11行)÷12"
PB,U14,=U11*U10,=U22*U11/12,紹介費用の受注数参照を期末契約社数（月次）に統一
PB,V10,=PRODUCT(V6:V9) - V17,=PRODUCT(V6:V9),累計獲得数＝顧問先×各種率（PRODUCTで統一、解約は下のストック計算で控除）
PB,V21,,=V10-U10,新規受注＝累計獲得数の当月増分
PB,V17,=V18*PRODUCT(V6:V9),=U22*V18,解約＝前月末契約社数×月次解約率（ストック型）
PB,V22,,=U22+V21-V17,期末契約＝前月末＋新規－解約
PB,V5,=V11*V10,=V22*V11/12,"月次売上＝期末契約社数×年間単価2,160円(11行)÷12"
PB,V14,=V11*V10,=V22*V11/12,紹介費用の受注数参照を期末契約社数（月次）に統一
PB,W10,=PRODUCT(W6:W9) - W17,=PRODUCT(W6:W9),累計獲得数＝顧問先×各種率（PRODUCTで統一、解約は下のストック計算で控除）
PB,W21,,=W10-V10,新規受注＝累計獲得数の当月増分
PB,W17,=W18*PRODUCT(W6:W9),=V22*W18,解約＝前月末契約社数×月次解約率（ストック型）
PB,W22,,=V22+W21-W17,期末契約＝前月末＋新規－解約
PB,W5,=W11*W10,=W22*W11/12,"月次売上＝期末契約社数×年間単価2,160円(11行)÷12"
PB,W14,=W11*W10,=W22*W11/12,紹介費用の受注数参照を期末契約社数（月次）に統一
PB,X10,=PRODUCT(X6:X9) - X17,=PRODUCT(X6:X9),累計獲得数＝顧問先×各種率（PRODUCTで統一、解約は下のストック計算で控除）
PB,X21,,=X10-W10,新規受注＝累計獲得数の当月増分
PB,X17,=X18*PRODUCT(X6:X9),=W22*X18,解約＝前月末契約社数×月次解約率（ストック型）
PB,X22,,=W22+X21-X17,期末契約＝前月末＋新規－解約
PB,X5,=X11*X10,=X22*X11/12,"月次売上＝期末契約社数×年間単価2,160円(11行)÷12"
PB,X14,=X11*X10,=X22*X11/12,紹介費用の受注数参照を期末契約社数（月次）に統一
PB,Y10,=PRODUCT(Y6:Y9) - Y17,=PRODUCT(Y6:Y9),累計獲得数＝顧問先×各種率（PRODUCTで統一、解約は下のストック計算で控除）
PB,Y21,,=Y10-X10,新規受注＝累計獲得数の当月増分
PB,Y17,=Y18*PRODUCT(Y6:Y9),=X22*Y18,解約＝前月末契約社数×月次解約率（ストック型）
PB,Y22,,=X22+Y21-Y17,期末契約＝前月末＋新規－解約
PB,Y5,=Y11*Y10,=Y22*Y11/12,"月次売上＝期末契約社数×年間単価2,160円(11行)÷12"
PB,Y14,=Y11*Y10,=Y22*Y11/12,紹介費用の受注数参照を期末契約社数（月次）に統一
PB,Z10,=PRODUCT(Z6:Z9) - Z17,=PRODUCT(Z6:Z9),累計獲得数＝顧問先×各種率（PRODUCTで統一、解約は下のストック計算で控除）
PB,Z21,,=Z10-Y10,新規受注＝累計獲得数の当月増分
PB,Z17,=Z18*PRODUCT(Z6:Z9),=Y22*Z18,解約＝前月末契約社数×月次解約率（ストック型）
PB,Z22,,=Y22+Z21-Z17,期末契約＝前月末＋新規－解約
PB,Z5,=Z11*Z10,=Z22*Z11/12,"月次売上＝期末契約社数×年間単価2,160円(11行)÷12"
PB,Z14,=Z11*Z10,=Z22*Z11/12,紹介費用の受注数参照を期末契約社数（月次）に統一
PB,AA10,=PRODUCT(AA6:AA9) - AA17,=PRODUCT(AA6:AA9),累計獲得数＝顧問先×各種率（PRODUCTで統一、解約は下のストック計算で控除）
PB,AA21,,=AA10-Z10,新規受注＝累計獲得数の当月増分
PB,AA17,=AA18*PRODUCT(AA6:AA9),=Z22*AA18,解約＝前月末契約社数×月次解約率（ストック型）
PB,AA22,,=Z22+AA21-AA17,期末契約＝前月末＋新規－解約
PB,AA5,=AA11*AA10,=AA22*AA11/12,"月次売上＝期末契約社数×年間単価2,160円(11行)÷12"
PB,AA14,=AA11*AA10,=AA22*AA11/12,紹介費用の受注数参照を期末契約社数（月次）に統一
PB,AB10,=PRODUCT(AB6:AB9) - AB17,=PRODUCT(AB6:AB9),累計獲得数＝顧問先×各種率（PRODUCTで統一、解約は下のストック計算で控除）
PB,AB21,,=AB10-AA10,新規受注＝累計獲得数の当月増分
PB,AB17,=AB18*PRODUCT(AB6:AB9),=AA22*AB18,解約＝前月末契約社数×月次解約率（ストック型）
PB,AB22,,=AA22+AB21-AB17,期末契約＝前月末＋新規－解約
PB,AB5,=AB11*AB10,=AB22*AB11/12,"月次売上＝期末契約社数×年間単価2,160円(11行)÷12"
PB,AB14,=AB11*AB10,=AB22*AB11/12,紹介費用の受注数参照を期末契約社数（月次）に統一
PB,AC10,=PRODUCT(AC6:AC9) - AC17,=PRODUCT(AC6:AC9),累計獲得数＝顧問先×各種率（PRODUCTで統一、解約は下のストック計算で控除）
PB,AC21,,=AC10-AB10,新規受注＝累計獲得数の当月増分
PB,AC17,=AC18*PRODUCT(AC6:AC9),=AB22*AC18,解約＝前月末契約社数×月次解約率（ストック型）
PB,AC22,,=AB22+AC21-AC17,期末契約＝前月末＋新規－解約
PB,AC5,=AC11*AC10,=AC22*AC11/12,"月次売上＝期末契約社数×年間単価2,160円(11行)÷12"
PB,AC14,=AC11*AC10,=AC22*AC11/12,紹介費用の受注数参照を期末契約社数（月次）に統一
PB,AD10,=PRODUCT(AD6:AD9) - AD17,=PRODUCT(AD6:AD9),累計獲得数＝顧問先×各種率（PRODUCTで統一、解約は下のストック計算で控除）
PB,AD21,,=AD10-AC10,新規受注＝累計獲得数の当月増分
PB,AD17,=AD18*PRODUCT(AD6:AD9),=AC22*AD18,解約＝前月末契約社数×月次解約率（ストック型）
PB,AD22,,=AC22+AD21-AD17,期末契約＝前月末＋新規－解約
PB,AD5,=AD11*AD10,=AD22*AD11/12,"月次売上＝期末契約社数×年間単価2,160円(11行)÷12"
PB,AD18,0.015,0.0175,月次解約率：Y1-2 2.0%／Y3-4 1.75%／Y5 1.5%（B2B SaaSで現実的な1.5〜2.0%帯、年数とともに逓減）
PB,AD14,=AD11*AD10,=AD22*AD11/12,紹介費用の受注数参照を期末契約社数（月次）に統一
PB,AE10,=PRODUCT(AE6:AE9) - AE17,=PRODUCT(AE6:AE9),累計獲得数＝顧問先×各種率（PRODUCTで統一、解約は下のストック計算で控除）
PB,AE21,,=AE10-AD10,新規受注＝累計獲得数の当月増分
PB,AE17,=AE18*PRODUCT(AE6:AE9),=AD22*AE18,解約＝前月末契約社数×月次解約率（ストック型）
PB,AE22,,=AD22+AE21-AE17,期末契約＝前月末＋新規－解約
PB,AE5,=AE11*AE10,=AE22*AE11/12,"月次売上＝期末契約社数×年間単価2,160円(11行)÷12"
PB,AE18,0.015,0.0175,月次解約率：Y1-2 2.0%／Y3-4 1.75%／Y5 1.5%（B2B SaaSで現実的な1.5〜2.0%帯、年数とともに逓減）
PB,AE14,=AE11*AE10,=AE22*AE11/12,紹介費用の受注数参照を期末契約社数（月次）に統一
PB,AF10,=PRODUCT(AF6:AF9) - AF17,=PRODUCT(AF6:AF9),累計獲得数＝顧問先×各種率（PRODUCTで統一、解約は下のストック計算で控除）
PB,AF21,,=AF10-AE10,新規受注＝累計獲得数の当月増分
PB,AF17,=AF18*PRODUCT(AF6:AF9),=AE22*AF18,解約＝前月末契約社数×月次解約率（ストック型）
PB,AF22,,=AE22+AF21-AF17,期末契約＝前月末＋新規－解約
PB,AF5,=AF11*AF10,=AF22*AF11/12,"月次売上＝期末契約社数×年間単価2,160円(11行)÷12"
PB,AF18,0.015,0.0175,月次解約率：Y1-2 2.0%／Y3-4 1.75%／Y5 1.5%（B2B SaaSで現実的な1.5〜2.0%帯、年数とともに逓減）
PB,AF14,=AF11*AF10,=AF22*AF11/12,紹介費用の受注数参照を期末契約社数（月次）に統一
PB,AG10,=PRODUCT(AG6:AG9) - AG17,=PRODUCT(AG6:AG9),累計獲得数＝顧問先×各種率（PRODUCTで統一、解約は下のストック計算で控除）
PB,AG21,,=AG10-AF10,新規受注＝累計獲得数の当月増分
PB,AG17,=AG18*PRODUCT(AG6:AG9),=AF22*AG18,解約＝前月末契約社数×月次解約率（ストック型）
PB,AG22,,=AF22+AG21-AG17,期末契約＝前月末＋新規－解約
PB,AG5,=AG11*AG10,=AG22*AG11/12,"月次売上＝期末契約社数×年間単価2,160円(11行)÷12"
PB,AG18,0.015,0.0175,月次解約率：Y1-2 2.0%／Y3-4 1.75%／Y5 1.5%（B2B SaaSで現実的な1.5〜2.0%帯、年数とともに逓減）
PB,AG14,=AG11*AG10,=AG22*AG11/12,紹介費用の受注数参照を期末契約社数（月次）に統一
PB,AH10,=PRODUCT(AH6:AH9) - AH17,=PRODUCT(AH6:AH9),累計獲得数＝顧問先×各種率（PRODUCTで統一、解約は下のストック計算で控除）
PB,AH21,,=AH10-AG10,新規受注＝累計獲得数の当月増分
PB,AH17,=AH18*PRODUCT(AH6:AH9),=AG22*AH18,解約＝前月末契約社数×月次解約率（ストック型）
PB,AH22,,=AG22+AH21-AH17,期末契約＝前月末＋新規－解約
PB,AH5,=AH11*AH10,=AH22*AH11/12,"月次売上＝期末契約社数×年間単価2,160円(11行)÷12"
PB,AH18,0.015,0.0175,月次解約率：Y1-2 2.0%／Y3-4 1.75%／Y5 1.5%（B2B SaaSで現実的な1.5〜2.0%帯、年数とともに逓減）
PB,AH14,=AH11*AH10,=AH22*AH11/12,紹介費用の受注数参照を期末契約社数（月次）に統一
PB,AI10,=PRODUCT(AI6:AI9) - AI17,=PRODUCT(AI6:AI9),累計獲得数＝顧問先×各種率（PRODUCTで統一、解約は下のストック計算で控除）
PB,AI21,,=AI10-AH10,新規受注＝累計獲得数の当月増分
PB,AI17,=AI18*PRODUCT(AI6:AI9),=AH22*AI18,解約＝前月末契約社数×月次解約率（ストック型）
PB,AI22,,=AH22+AI21-AI17,期末契約＝前月末＋新規－解約
PB,AI5,=AI11*AI10,=AI22*AI11/12,"月次売上＝期末契約社数×年間単価2,160円(11行)÷12"
PB,AI18,0.015,0.0175,月次解約率：Y1-2 2.0%／Y3-4 1.75%／Y5 1.5%（B2B SaaSで現実的な1.5〜2.0%帯、年数とともに逓減）
PB,AI14,=AI11*AI10,=AI22*AI11/12,紹介費用の受注数参照を期末契約社数（月次）に統一
PB,AJ10,=PRODUCT(AJ6:AJ9) - AJ17,=PRODUCT(AJ6:AJ9),累計獲得数＝顧問先×各種率（PRODUCTで統一、解約は下のストック計算で控除）
PB,AJ21,,=AJ10-AI10,新規受注＝累計獲得数の当月増分
PB,AJ17,=AJ18*PRODUCT(AJ6:AJ9),=AI22*AJ18,解約＝前月末契約社数×月次解約率（ストック型）
PB,AJ22,,=AI22+AJ21-AJ17,期末契約＝前月末＋新規－解約
PB,AJ5,=AJ11*AJ10,=AJ22*AJ11/12,"月次売上＝期末契約社数×年間単価2,160円(11行)÷12"
PB,AJ18,0.015,0.0175,月次解約率：Y1-2 2.0%／Y3-4 1.75%／Y5 1.5%（B2B SaaSで現実的な1.5〜2.0%帯、年数とともに逓減）
PB,AJ14,=AJ11*AJ10,=AJ22*AJ11/12,紹介費用の受注数参照を期末契約社数（月次）に統一
PB,AK10,=PRODUCT(AK6:AK9) - AK17,=PRODUCT(AK6:AK9),累計獲得数＝顧問先×各種率（PRODUCTで統一、解約は下のストック計算で控除）
PB,AK21,,=AK10-AJ10,新規受注＝累計獲得数の当月増分
PB,AK17,=AK18*PRODUCT(AK6:AK9),=AJ22*AK18,解約＝前月末契約社数×月次解約率（ストック型）
PB,AK22,,=AJ22+AK21-AK17,期末契約＝前月末＋新規－解約
PB,AK5,=AK11*AK10,=AK22*AK11/12,"月次売上＝期末契約社数×年間単価2,160円(11行)÷12"
PB,AK18,0.015,0.0175,月次解約率：Y1-2 2.0%／Y3-4 1.75%／Y5 1.5%（B2B SaaSで現実的な1.5〜2.0%帯、年数とともに逓減）
PB,AK14,=AK11*AK10,=AK22*AK11/12,紹介費用の受注数参照を期末契約社数（月次）に統一
PB,AL10,=PRODUCT(AL6:AL9) - AL17,=PRODUCT(AL6:AL9),累計獲得数＝顧問先×各種率（PRODUCTで統一、解約は下のストック計算で控除）
PB,AL21,,=AL10-AK10,新規受注＝累計獲得数の当月増分
PB,AL17,=AL18*PRODUCT(AL6:AL9),=AK22*AL18,解約＝前月末契約社数×月次解約率（ストック型）
PB,AL22,,=AK22+AL21-AL17,期末契約＝前月末＋新規－解約
PB,AL5,=AL11*AL10,=AL22*AL11/12,"月次売上＝期末契約社数×年間単価2,160円(11行)÷12"
PB,AL18,0.015,0.0175,月次解約率：Y1-2 2.0%／Y3-4 1.75%／Y5 1.5%（B2B SaaSで現実的な1.5〜2.0%帯、年数とともに逓減）
PB,AL14,=AL11*AL10,=AL22*AL11/12,紹介費用の受注数参照を期末契約社数（月次）に統一
PB,AM10,=PRODUCT(AM6:AM9) - AM17,=PRODUCT(AM6:AM9),累計獲得数＝顧問先×各種率（PRODUCTで統一、解約は下のストック計算で控除）
PB,AM21,,=AM10-AL10,新規受注＝累計獲得数の当月増分
PB,AM17,=AM18*PRODUCT(AM6:AM9),=AL22*AM18,解約＝前月末契約社数×月次解約率（ストック型）
PB,AM22,,=AL22+AM21-AM17,期末契約＝前月末＋新規－解約
PB,AM5,=AM11*AM10,=AM22*AM11/12,"月次売上＝期末契約社数×年間単価2,160円(11行)÷12"
PB,AM18,0.015,0.0175,月次解約率：Y1-2 2.0%／Y3-4 1.75%／Y5 1.5%（B2B SaaSで現実的な1.5〜2.0%帯、年数とともに逓減）
PB,AM14,=AM11*AM10,=AM22*AM11/12,紹介費用の受注数参照を期末契約社数（月次）に統一
PB,AN10,=PRODUCT(AN6:AN9) - AN17,=PRODUCT(AN6:AN9),累計獲得数＝顧問先×各種率（PRODUCTで統一、解約は下のストック計算で控除）
PB,AN21,,=AN10-AM10,新規受注＝累計獲得数の当月増分
PB,AN17,=AN18*PRODUCT(AN6:AN9),=AM22*AN18,解約＝前月末契約社数×月次解約率（ストック型）
PB,AN22,,=AM22+AN21-AN17,期末契約＝前月末＋新規－解約
PB,AN5,=AN11*AN10,=AN22*AN11/12,"月次売上＝期末契約社数×年間単価2,160円(11行)÷12"
PB,AN18,0.015,0.0175,月次解約率：Y1-2 2.0%／Y3-4 1.75%／Y5 1.5%（B2B SaaSで現実的な1.5〜2.0%帯、年数とともに逓減）
PB,AN14,=AN11*AN10,=AN22*AN11/12,紹介費用の受注数参照を期末契約社数（月次）に統一
PB,AO10,=PRODUCT(AO6:AO9) - AO17,=PRODUCT(AO6:AO9),累計獲得数＝顧問先×各種率（PRODUCTで統一、解約は下のストック計算で控除）
PB,AO21,,=AO10-AN10,新規受注＝累計獲得数の当月増分
PB,AO17,=AO18*PRODUCT(AO6:AO9),=AN22*AO18,解約＝前月末契約社数×月次解約率（ストック型）
PB,AO22,,=AN22+AO21-AO17,期末契約＝前月末＋新規－解約
PB,AO5,=AO11*AO10,=AO22*AO11/12,"月次売上＝期末契約社数×年間単価2,160円(11行)÷12"
PB,AO18,0.015,0.0175,月次解約率：Y1-2 2.0%／Y3-4 1.75%／Y5 1.5%（B2B SaaSで現実的な1.5〜2.0%帯、年数とともに逓減）
PB,AO14,=AO11*AO10,=AO22*AO11/12,紹介費用の受注数参照を期末契約社数（月次）に統一
PB,AP10,=PRODUCT(AP6:AP9) - AP17,=PRODUCT(AP6:AP9),累計獲得数＝顧問先×各種率（PRODUCTで統一、解約は下のストック計算で控除）
PB,AP21,,=AP10-AO10,新規受注＝累計獲得数の当月増分
PB,AP17,=AP18*PRODUCT(AP6:AP9),=AO22*AP18,解約＝前月末契約社数×月次解約率（ストック型）
PB,AP22,,=AO22+AP21-AP17,期末契約＝前月末＋新規－解約
PB,AP5,=AP11*AP10,=AP22*AP11/12,"月次売上＝期末契約社数×年間単価2,160円(11行)÷12"
PB,AP18,0.015,0.0175,月次解約率：Y1-2 2.0%／Y3-4 1.75%／Y5 1.5%（B2B SaaSで現実的な1.5〜2.0%帯、年数とともに逓減）
PB,AP14,=AP11*AP10,=AP22*AP11/12,紹介費用の受注数参照を期末契約社数（月次）に統一
PB,AQ10,=PRODUCT(AQ6:AQ9) - AQ17,=PRODUCT(AQ6:AQ9),累計獲得数＝顧問先×各種率（PRODUCTで統一、解約は下のストック計算で控除）
PB,AQ21,,=AQ10-AP10,新規受注＝累計獲得数の当月増分
PB,AQ17,=AQ18*PRODUCT(AQ6:AQ9),=AP22*AQ18,解約＝前月末契約社数×月次解約率（ストック型）
PB,AQ22,,=AP22+AQ21-AQ17,期末契約＝前月末＋新規－解約
PB,AQ5,=AQ11*AQ10,=AQ22*AQ11/12,"月次売上＝期末契約社数×年間単価2,160円(11行)÷12"
PB,AQ18,0.015,0.0175,月次解約率：Y1-2 2.0%／Y3-4 1.75%／Y5 1.5%（B2B SaaSで現実的な1.5〜2.0%帯、年数とともに逓減）
PB,AQ14,=AQ11*AQ10,=AQ22*AQ11/12,紹介費用の受注数参照を期末契約社数（月次）に統一
PB,AR10,=PRODUCT(AR6:AR9) - AR17,=PRODUCT(AR6:AR9),累計獲得数＝顧問先×各種率（PRODUCTで統一、解約は下のストック計算で控除）
PB,AR21,,=AR10-AQ10,新規受注＝累計獲得数の当月増分
PB,AR17,=AR18*PRODUCT(AR6:AR9),=AQ22*AR18,解約＝前月末契約社数×月次解約率（ストック型）
PB,AR22,,=AQ22+AR21-AR17,期末契約＝前月末＋新規－解約
PB,AR5,=AR11*AR10,=AR22*AR11/12,"月次売上＝期末契約社数×年間単価2,160円(11行)÷12"
PB,AR18,0.015,0.0175,月次解約率：Y1-2 2.0%／Y3-4 1.75%／Y5 1.5%（B2B SaaSで現実的な1.5〜2.0%帯、年数とともに逓減）
PB,AR14,=AR11*AR10,=AR22*AR11/12,紹介費用の受注数参照を期末契約社数（月次）に統一
PB,AS10,=PRODUCT(AS6:AS9) - AS17,=PRODUCT(AS6:AS9),累計獲得数＝顧問先×各種率（PRODUCTで統一、解約は下のストック計算で控除）
PB,AS21,,=AS10-AR10,新規受注＝累計獲得数の当月増分
PB,AS17,=AS18*PRODUCT(AS6:AS9),=AR22*AS18,解約＝前月末契約社数×月次解約率（ストック型）
PB,AS22,,=AR22+AS21-AS17,期末契約＝前月末＋新規－解約
PB,AS5,=AS11*AS10,=AS22*AS11/12,"月次売上＝期末契約社数×年間単価2,160円(11行)÷12"
PB,AS18,0.015,0.0175,月次解約率：Y1-2 2.0%／Y3-4 1.75%／Y5 1.5%（B2B SaaSで現実的な1.5〜2.0%帯、年数とともに逓減）
PB,AS14,=AS11*AS10,=AS22*AS11/12,紹介費用の受注数参照を期末契約社数（月次）に統一
PB,AT10,=PRODUCT(AT6:AT9) - AT17,=PRODUCT(AT6:AT9),累計獲得数＝顧問先×各種率（PRODUCTで統一、解約は下のストック計算で控除）
PB,AT21,,=AT10-AS10,新規受注＝累計獲得数の当月増分
PB,AT17,=AT18*PRODUCT(AT6:AT9),=AS22*AT18,解約＝前月末契約社数×月次解約率（ストック型）
PB,AT22,,=AS22+AT21-AT17,期末契約＝前月末＋新規－解約
PB,AT5,=AT11*AT10,=AT22*AT11/12,"月次売上＝期末契約社数×年間単価2,160円(11行)÷12"
PB,AT18,0.015,0.0175,月次解約率：Y1-2 2.0%／Y3-4 1.75%／Y5 1.5%（B2B SaaSで現実的な1.5〜2.0%帯、年数とともに逓減）
PB,AT14,=AT11*AT10,=AT22*AT11/12,紹介費用の受注数参照を期末契約社数（月次）に統一
PB,AU10,=PRODUCT(AU6:AU9) - AU17,=PRODUCT(AU6:AU9),累計獲得数＝顧問先×各種率（PRODUCTで統一、解約は下のストック計算で控除）
PB,AU21,,=AU10-AT10,新規受注＝累計獲得数の当月増分
PB,AU17,=AU18*PRODUCT(AU6:AU9),=AT22*AU18,解約＝前月末契約社数×月次解約率（ストック型）
PB,AU22,,=AT22+AU21-AU17,期末契約＝前月末＋新規－解約
PB,AU5,=AU11*AU10,=AU22*AU11/12,"月次売上＝期末契約社数×年間単価2,160円(11行)÷12"
PB,AU18,0.015,0.0175,月次解約率：Y1-2 2.0%／Y3-4 1.75%／Y5 1.5%（B2B SaaSで現実的な1.5〜2.0%帯、年数とともに逓減）
PB,AU14,=AU11*AU10,=AU22*AU11/12,紹介費用の受注数参照を期末契約社数（月次）に統一
PB,AV10,=PRODUCT(AV6:AV9) - AV17,=PRODUCT(AV6:AV9),累計獲得数＝顧問先×各種率（PRODUCTで統一、解約は下のストック計算で控除）
PB,AV21,,=AV10-AU10,新規受注＝累計獲得数の当月増分
PB,AV17,=AV18*PRODUCT(AV6:AV9),=AU22*AV18,解約＝前月末契約社数×月次解約率（ストック型）
PB,AV22,,=AU22+AV21-AV17,期末契約＝前月末＋新規－解約
PB,AV5,=AV11*AV10,=AV22*AV11/12,"月次売上＝期末契約社数×年間単価2,160円(11行)÷12"
PB,AV18,0.015,0.0175,月次解約率：Y1-2 2.0%／Y3-4 1.75%／Y5 1.5%（B2B SaaSで現実的な1.5〜2.0%帯、年数とともに逓減）
PB,AV14,=AV11*AV10,=AV22*AV11/12,紹介費用の受注数参照を期末契約社数（月次）に統一
PB,AW10,=PRODUCT(AW6:AW9) - AW17,=PRODUCT(AW6:AW9),累計獲得数＝顧問先×各種率（PRODUCTで統一、解約は下のストック計算で控除）
PB,AW21,,=AW10-AV10,新規受注＝累計獲得数の当月増分
PB,AW17,=AW18*PRODUCT(AW6:AW9),=AV22*AW18,解約＝前月末契約社数×月次解約率（ストック型）
PB,AW22,,=AV22+AW21-AW17,期末契約＝前月末＋新規－解約
PB,AW5,=AW11*AW10,=AW22*AW11/12,"月次売上＝期末契約社数×年間単価2,160円(11行)÷12"
PB,AW18,0.015,0.0175,月次解約率：Y1-2 2.0%／Y3-4 1.75%／Y5 1.5%（B2B SaaSで現実的な1.5〜2.0%帯、年数とともに逓減）
PB,AW14,=AW11*AW10,=AW22*AW11/12,紹介費用の受注数参照を期末契約社数（月次）に統一
PB,AX10,=PRODUCT(AX6:AX9) - AX17,=PRODUCT(AX6:AX9),累計獲得数＝顧問先×各種率（PRODUCTで統一、解約は下のストック計算で控除）
PB,AX21,,=AX10-AW10,新規受注＝累計獲得数の当月増分
PB,AX17,=AX18*PRODUCT(AX6:AX9),=AW22*AX18,解約＝前月末契約社数×月次解約率（ストック型）
PB,AX22,,=AW22+AX21-AX17,期末契約＝前月末＋新規－解約
PB,AX5,=AX11*AX10,=AX22*AX11/12,"月次売上＝期末契約社数×年間単価2,160円(11行)÷12"
PB,AX18,0.015,0.0175,月次解約率：Y1-2 2.0%／Y3-4 1.75%／Y5 1.5%（B2B SaaSで現実的な1.5〜2.0%帯、年数とともに逓減）
PB,AX14,=AX11*AX10,=AX22*AX11/12,紹介費用の受注数参照を期末契約社数（月次）に統一
PB,AY10,=PRODUCT(AY6:AY9) - AY17,=PRODUCT(AY6:AY9),累計獲得数＝顧問先×各種率（PRODUCTで統一、解約は下のストック計算で控除）
PB,AY21,,=AY10-AX10,新規受注＝累計獲得数の当月増分
PB,AY17,=AY18*PRODUCT(AY6:AY9),=AX22*AY18,解約＝前月末契約社数×月次解約率（ストック型）
PB,AY22,,=AX22+AY21-AY17,期末契約＝前月末＋新規－解約
PB,AY5,=AY11*AY10,=AY22*AY11/12,"月次売上＝期末契約社数×年間単価2,160円(11行)÷12"
PB,AY18,0.015,0.0175,月次解約率：Y1-2 2.0%／Y3-4 1.75%／Y5 1.5%（B2B SaaSで現実的な1.5〜2.0%帯、年数とともに逓減）
PB,AY14,=AY11*AY10,=AY22*AY11/12,紹介費用の受注数参照を期末契約社数（月次）に統一
PB,AZ10,=PRODUCT(AZ6:AZ9) - AZ17,=PRODUCT(AZ6:AZ9),累計獲得数＝顧問先×各種率（PRODUCTで統一、解約は下のストック計算で控除）
PB,AZ21,,=AZ10-AY10,新規受注＝累計獲得数の当月増分
PB,AZ17,=AZ18*PRODUCT(AZ6:AZ9),=AY22*AZ18,解約＝前月末契約社数×月次解約率（ストック型）
PB,AZ22,,=AY22+AZ21-AZ17,期末契約＝前月末＋新規－解約
PB,AZ5,=AZ11*AZ10,=AZ22*AZ11/12,"月次売上＝期末契約社数×年間単価2,160円(11行)÷12"
PB,AZ18,0.015,0.0175,月次解約率：Y1-2 2.0%／Y3-4 1.75%／Y5 1.5%（B2B SaaSで現実的な1.5〜2.0%帯、年数とともに逓減）
PB,AZ14,=AZ11*AZ10,=AZ22*AZ11/12,紹介費用の受注数参照を期末契約社数（月次）に統一
PB,BA10,=PRODUCT(BA6:BA9) - BA17,=PRODUCT(BA6:BA9),累計獲得数＝顧問先×各種率（PRODUCTで統一、解約は下のストック計算で控除）
PB,BA21,,=BA10-AZ10,新規受注＝累計獲得数の当月増分
PB,BA17,=BA18*PRODUCT(BA6:BA9),=AZ22*BA18,解約＝前月末契約社数×月次解約率（ストック型）
PB,BA22,,=AZ22+BA21-BA17,期末契約＝前月末＋新規－解約
PB,BA5,=BA11*BA10,=BA22*BA11/12,"月次売上＝期末契約社数×年間単価2,160円(11行)÷12"
PB,BA18,0.015,0.0175,月次解約率：Y1-2 2.0%／Y3-4 1.75%／Y5 1.5%（B2B SaaSで現実的な1.5〜2.0%帯、年数とともに逓減）
PB,BA14,=BA11*BA10,=BA22*BA11/12,紹介費用の受注数参照を期末契約社数（月次）に統一
PB,BB10,=PRODUCT(BB6:BB9) - BB17,=PRODUCT(BB6:BB9),累計獲得数＝顧問先×各種率（PRODUCTで統一、解約は下のストック計算で控除）
PB,BB21,,=BB10-BA10,新規受注＝累計獲得数の当月増分
PB,BB17,=BB18*PRODUCT(BB6:BB9),=BA22*BB18,解約＝前月末契約社数×月次解約率（ストック型）
PB,BB22,,=BA22+BB21-BB17,期末契約＝前月末＋新規－解約
PB,BB5,=BB11*BB10,=BB22*BB11/12,"月次売上＝期末契約社数×年間単価2,160円(11行)÷12"
PB,BB18,0.01,0.015,月次解約率：Y1-2 2.0%／Y3-4 1.75%／Y5 1.5%（B2B SaaSで現実的な1.5〜2.0%帯、年数とともに逓減）
PB,BB14,=BB11*BB10,=BB22*BB11/12,紹介費用の受注数参照を期末契約社数（月次）に統一
PB,BC10,=PRODUCT(BC6:BC9) - BC17,=PRODUCT(BC6:BC9),累計獲得数＝顧問先×各種率（PRODUCTで統一、解約は下のストック計算で控除）
PB,BC21,,=BC10-BB10,新規受注＝累計獲得数の当月増分
PB,BC17,=BC18*PRODUCT(BC6:BC9),=BB22*BC18,解約＝前月末契約社数×月次解約率（ストック型）
PB,BC22,,=BB22+BC21-BC17,期末契約＝前月末＋新規－解約
PB,BC5,=BC11*BC10,=BC22*BC11/12,"月次売上＝期末契約社数×年間単価2,160円(11行)÷12"
PB,BC18,0.01,0.015,月次解約率：Y1-2 2.0%／Y3-4 1.75%／Y5 1.5%（B2B SaaSで現実的な1.5〜2.0%帯、年数とともに逓減）
PB,BC14,=BC11*BC10,=BC22*BC11/12,紹介費用の受注数参照を期末契約社数（月次）に統一
PB,BD10,=PRODUCT(BD6:BD9) - BD17,=PRODUCT(BD6:BD9),累計獲得数＝顧問先×各種率（PRODUCTで統一、解約は下のストック計算で控除）
PB,BD21,,=BD10-BC10,新規受注＝累計獲得数の当月増分
PB,BD17,=BD18*PRODUCT(BD6:BD9),=BC22*BD18,解約＝前月末契約社数×月次解約率（ストック型）
PB,BD22,,=BC22+BD21-BD17,期末契約＝前月末＋新規－解約
PB,BD5,=BD11*BD10,=BD22*BD11/12,"月次売上＝期末契約社数×年間単価2,160円(11行)÷12"
PB,BD18,0.01,0.015,月次解約率：Y1-2 2.0%／Y3-4 1.75%／Y5 1.5%（B2B SaaSで現実的な1.5〜2.0%帯、年数とともに逓減）
PB,BD14,=BD11*BD10,=BD22*BD11/12,紹介費用の受注数参照を期末契約社数（月次）に統一
PB,BE10,=PRODUCT(BE6:BE9) - BE17,=PRODUCT(BE6:BE9),累計獲得数＝顧問先×各種率（PRODUCTで統一、解約は下のストック計算で控除）
PB,BE21,,=BE10-BD10,新規受注＝累計獲得数の当月増分
PB,BE17,=BE18*PRODUCT(BE6:BE9),=BD22*BE18,解約＝前月末契約社数×月次解約率（ストック型）
PB,BE22,,=BD22+BE21-BE17,期末契約＝前月末＋新規－解約
PB,BE5,=BE11*BE10,=BE22*BE11/12,"月次売上＝期末契約社数×年間単価2,160円(11行)÷12"
PB,BE18,0.01,0.015,月次解約率：Y1-2 2.0%／Y3-4 1.75%／Y5 1.5%（B2B SaaSで現実的な1.5〜2.0%帯、年数とともに逓減）
PB,BE14,=BE11*BE10,=BE22*BE11/12,紹介費用の受注数参照を期末契約社数（月次）に統一
PB,BF10,=PRODUCT(BF6:BF9) - BF17,=PRODUCT(BF6:BF9),累計獲得数＝顧問先×各種率（PRODUCTで統一、解約は下のストック計算で控除）
PB,BF21,,=BF10-BE10,新規受注＝累計獲得数の当月増分
PB,BF17,=BF18*PRODUCT(BF6:BF9),=BE22*BF18,解約＝前月末契約社数×月次解約率（ストック型）
PB,BF22,,=BE22+BF21-BF17,期末契約＝前月末＋新規－解約
PB,BF5,=BF11*BF10,=BF22*BF11/12,"月次売上＝期末契約社数×年間単価2,160円(11行)÷12"
PB,BF18,0.01,0.015,月次解約率：Y1-2 2.0%／Y3-4 1.75%／Y5 1.5%（B2B SaaSで現実的な1.5〜2.0%帯、年数とともに逓減）
PB,BF14,=BF11*BF10,=BF22*BF11/12,紹介費用の受注数参照を期末契約社数（月次）に統一
PB,BG10,=PRODUCT(BG6:BG9) - BG17,=PRODUCT(BG6:BG9),累計獲得数＝顧問先×各種率（PRODUCTで統一、解約は下のストック計算で控除）
PB,BG21,,=BG10-BF10,新規受注＝累計獲得数の当月増分
PB,BG17,=BG18*PRODUCT(BG6:BG9),=BF22*BG18,解約＝前月末契約社数×月次解約率（ストック型）
PB,BG22,,=BF22+BG21-BG17,期末契約＝前月末＋新規－解約
PB,BG5,=BG11*BG10,=BG22*BG11/12,"月次売上＝期末契約社数×年間単価2,160円(11行)÷12"
PB,BG18,0.01,0.015,月次解約率：Y1-2 2.0%／Y3-4 1.75%／Y5 1.5%（B2B SaaSで現実的な1.5〜2.0%帯、年数とともに逓減）
PB,BG14,=BG11*BG10,=BG22*BG11/12,紹介費用の受注数参照を期末契約社数（月次）に統一
PB,BH10,=PRODUCT(BH6:BH9) - BH17,=PRODUCT(BH6:BH9),累計獲得数＝顧問先×各種率（PRODUCTで統一、解約は下のストック計算で控除）
PB,BH21,,=BH10-BG10,新規受注＝累計獲得数の当月増分
PB,BH17,=BH18*PRODUCT(BH6:BH9),=BG22*BH18,解約＝前月末契約社数×月次解約率（ストック型）
PB,BH22,,=BG22+BH21-BH17,期末契約＝前月末＋新規－解約
PB,BH5,=BH11*BH10,=BH22*BH11/12,"月次売上＝期末契約社数×年間単価2,160円(11行)÷12"
PB,BH18,0.01,0.015,月次解約率：Y1-2 2.0%／Y3-4 1.75%／Y5 1.5%（B2B SaaSで現実的な1.5〜2.0%帯、年数とともに逓減）
PB,BH14,=BH11*BH10,=BH22*BH11/12,紹介費用の受注数参照を期末契約社数（月次）に統一
PB,BI10,=PRODUCT(BI6:BI9) - BI17,=PRODUCT(BI6:BI9),累計獲得数＝顧問先×各種率（PRODUCTで統一、解約は下のストック計算で控除）
PB,BI21,,=BI10-BH10,新規受注＝累計獲得数の当月増分
PB,BI17,=BI18*PRODUCT(BI6:BI9),=BH22*BI18,解約＝前月末契約社数×月次解約率（ストック型）
PB,BI22,,=BH22+BI21-BI17,期末契約＝前月末＋新規－解約
PB,BI5,=BI11*BI10,=BI22*BI11/12,"月次売上＝期末契約社数×年間単価2,160円(11行)÷12"
PB,BI18,0.01,0.015,月次解約率：Y1-2 2.0%／Y3-4 1.75%／Y5 1.5%（B2B SaaSで現実的な1.5〜2.0%帯、年数とともに逓減）
PB,BI14,=BI11*BI10,=BI22*BI11/12,紹介費用の受注数参照を期末契約社数（月次）に統一
PB,BJ10,=PRODUCT(BJ6:BJ9) - BJ17,=PRODUCT(BJ6:BJ9),累計獲得数＝顧問先×各種率（PRODUCTで統一、解約は下のストック計算で控除）
PB,BJ21,,=BJ10-BI10,新規受注＝累計獲得数の当月増分
PB,BJ17,=BJ18*PRODUCT(BJ6:BJ9),=BI22*BJ18,解約＝前月末契約社数×月次解約率（ストック型）
PB,BJ22,,=BI22+BJ21-BJ17,期末契約＝前月末＋新規－解約
PB,BJ5,=BJ11*BJ10,=BJ22*BJ11/12,"月次売上＝期末契約社数×年間単価2,160円(11行)÷12"
PB,BJ18,0.01,0.015,月次解約率：Y1-2 2.0%／Y3-4 1.75%／Y5 1.5%（B2B SaaSで現実的な1.5〜2.0%帯、年数とともに逓減）
PB,BJ14,=BJ11*BJ10,=BJ22*BJ11/12,紹介費用の受注数参照を期末契約社数（月次）に統一
PB,BK10,=PRODUCT(BK6:BK9) - BK17,=PRODUCT(BK6:BK9),累計獲得数＝顧問先×各種率（PRODUCTで統一、解約は下のストック計算で控除）
PB,BK21,,=BK10-BJ10,新規受注＝累計獲得数の当月増分
PB,BK17,=BK18*PRODUCT(BK6:BK9),=BJ22*BK18,解約＝前月末契約社数×月次解約率（ストック型）
PB,BK22,,=BJ22+BK21-BK17,期末契約＝前月末＋新規－解約
PB,BK5,=BK11*BK10,=BK22*BK11/12,"月次売上＝期末契約社数×年間単価2,160円(11行)÷12"
PB,BK18,0.01,0.015,月次解約率：Y1-2 2.0%／Y3-4 1.75%／Y5 1.5%（B2B SaaSで現実的な1.5〜2.0%帯、年数とともに逓減）
PB,BK14,=BK11*BK10,=BK22*BK11/12,紹介費用の受注数参照を期末契約社数（月次）に統一
PB,BL10,=PRODUCT(BL6:BL9) - BL17,=PRODUCT(BL6:BL9),累計獲得数＝顧問先×各種率（PRODUCTで統一、解約は下のストック計算で控除）
PB,BL21,,=BL10-BK10,新規受注＝累計獲得数の当月増分
PB,BL17,=BL18*PRODUCT(BL6:BL9),=BK22*BL18,解約＝前月末契約社数×月次解約率（ストック型）
PB,BL22,,=BK22+BL21-BL17,期末契約＝前月末＋新規－解約
PB,BL5,=BL11*BL10,=BL22*BL11/12,"月次売上＝期末契約社数×年間単価2,160円(11行)÷12"
PB,BL18,0.01,0.015,月次解約率：Y1-2 2.0%／Y3-4 1.75%／Y5 1.5%（B2B SaaSで現実的な1.5〜2.0%帯、年数とともに逓減）
PB,BL14,=BL11*BL10,=BL22*BL11/12,紹介費用の受注数参照を期末契約社数（月次）に統一
PB,BM10,=PRODUCT(BM6:BM9) - BM17,=PRODUCT(BM6:BM9),累計獲得数＝顧問先×各種率（PRODUCTで統一、解約は下のストック計算で控除）
PB,BM21,,=BM10-BL10,新規受注＝累計獲得数の当月増分
PB,BM17,=BM18*PRODUCT(BM6:BM9),=BL22*BM18,解約＝前月末契約社数×月次解約率（ストック型）
PB,BM22,,=BL22+BM21-BM17,期末契約＝前月末＋新規－解約
PB,BM5,=BM11*BM10,=BM22*BM11/12,"月次売上＝期末契約社数×年間単価2,160円(11行)÷12"
PB,BM18,0.01,0.015,月次解約率：Y1-2 2.0%／Y3-4 1.75%／Y5 1.5%（B2B SaaSで現実的な1.5〜2.0%帯、年数とともに逓減）
PB,BM14,=BM11*BM10,=BM22*BM11/12,紹介費用の受注数参照を期末契約社数（月次）に統一
PB,BN5,=BN10*BN11,=SUM(F5:Q5),年間売上＝M1〜M12の月次売上の合計(SUM)
PB,BN15,105,=Q15,年次列の税理士数を期末月にリンク（直値→参照）
PB,BN10,=PRODUCT(BN6:BN9) - BN17,=PRODUCT(BN6:BN9),累計獲得数（期末）
PB,BN21,,=SUM(F21:Q21),年間新規受注＝月次合計
PB,BN22,,=Q22,期末契約社数＝期末月の値
PB,BN18,0.01,=AVERAGE(F18:Q18),年次列の解約率＝月次解約率の年平均（旧：12%/1%の不揃いな表示値）
PB,BN14,=BN11*BN10,=SUM(F14:Q14),年間紹介費用＝月次合計
PB,BO5,=BO10*BO11,=SUM(R5:AC5),年間売上＝M1〜M12の月次売上の合計(SUM)
PB,BO15,274,=AC15,年次列の税理士数を期末月にリンク（直値→参照）
PB,BO10,=PRODUCT(BO6:BO9) - BO17,=PRODUCT(BO6:BO9),累計獲得数（期末）
PB,BO21,,=SUM(R21:AC21),年間新規受注＝月次合計
PB,BO22,,=AC22,期末契約社数＝期末月の値
PB,BO18,0.01,=AVERAGE(R18:AC18),年次列の解約率＝月次解約率の年平均（旧：12%/1%の不揃いな表示値）
PB,BO14,=BO11*BO10,=SUM(R14:AC14),年間紹介費用＝月次合計
PB,BP5,=BP10*BP11,=SUM(AD5:AO5),年間売上＝M1〜M12の月次売上の合計(SUM)
PB,BP15,506,=AO15,年次列の税理士数を期末月にリンク（直値→参照）
PB,BP10,=PRODUCT(BP6:BP9) - BP17,=PRODUCT(BP6:BP9),累計獲得数（期末）
PB,BP21,,=SUM(AD21:AO21),年間新規受注＝月次合計
PB,BP22,,=AO22,期末契約社数＝期末月の値
PB,BP18,0.01,=AVERAGE(AD18:AO18),年次列の解約率＝月次解約率の年平均（旧：12%/1%の不揃いな表示値）
PB,BP14,=BP11*BP10,=SUM(AD14:AO14),年間紹介費用＝月次合計
PB,BQ5,=BQ10*BQ11,=SUM(AP5:BA5),年間売上＝M1〜M12の月次売上の合計(SUM)
PB,BQ15,778,=BA15,年次列の税理士数を期末月にリンク（直値→参照）
PB,BQ10,=PRODUCT(BQ6:BQ9) - BQ17,=PRODUCT(BQ6:BQ9),累計獲得数（期末）
PB,BQ21,,=SUM(AP21:BA21),年間新規受注＝月次合計
PB,BQ22,,=BA22,期末契約社数＝期末月の値
PB,BQ18,0.01,=AVERAGE(AP18:BA18),年次列の解約率＝月次解約率の年平均（旧：12%/1%の不揃いな表示値）
PB,BQ14,=BQ11*BQ10,=SUM(AP14:BA14),年間紹介費用＝月次合計
PB,BR5,=BR10*BR11,=SUM(BB5:BM5),年間売上＝M1〜M12の月次売上の合計(SUM)
PB,BR15,1138,=BM15,年次列の税理士数を期末月にリンク（直値→参照）
PB,BR10,=PRODUCT(BR6:BR9) - BR17,=PRODUCT(BR6:BR9),累計獲得数（期末）
PB,BR21,,=SUM(BB21:BM21),年間新規受注＝月次合計
PB,BR22,,=BM22,期末契約社数＝期末月の値
PB,BR18,0.01,=AVERAGE(BB18:BM18),年次列の解約率＝月次解約率の年平均（旧：12%/1%の不揃いな表示値）
PB,BR14,=BR11*BR10,=SUM(BB14:BM14),年間紹介費用＝月次合計
電力コスト削減,C24,,新規受注数（当月）,追加行：累計獲得数の当月増分
電力コスト削減,D24,,＝当月の累計獲得数(11行)－前月の累計獲得数。税理士獲得ロジック(×35等)は別途検討中のため、既存ファネルを流用,説明
電力コスト削減,C25,,期末契約社数（ストック）,追加行：売上計算の基礎となる契約社数
電力コスト削減,D25,,＝前月末契約社数＋新規受注数－解約予想数。売上＝本行×単価,説明
電力コスト削減,C11,１税理士 / 受注数（定常）,１税理士 / 受注数（定常）（累計獲得数・解約前）,ストック化に伴い、本行は解約前の累計獲得数（ファネル）と定義
電力コスト削減,F11,=F6*F7*F8*F9*F10,=PRODUCT(F6:F10),累計獲得数＝顧問先×各種率（PRODUCTで統一、解約は下のストック計算で控除）
電力コスト削減,F24,,=F11,新規受注＝累計獲得数の当月増分
電力コスト削減,F20,=F11*F21,0,期初（前月契約なし）
電力コスト削減,F25,,=F24-F20,期末契約＝前月末＋新規－解約
電力コスト削減,F5,=(F11-F20)*F16*12,=F25*F16,月次売上＝期末契約社数×taXel月額500円(16行)
電力コスト削減,G11,=G6*G7*G8*G9*G10,=PRODUCT(G6:G10),累計獲得数＝顧問先×各種率（PRODUCTで統一、解約は下のストック計算で控除）
電力コスト削減,G24,,=G11-F11,新規受注＝累計獲得数の当月増分
電力コスト削減,G20,=G11*G21,=F25*G21,解約＝前月末契約社数×月次解約率（ストック型）
電力コスト削減,G25,,=F25+G24-G20,期末契約＝前月末＋新規－解約
電力コスト削減,G5,=(G11-G20)*G16*12,=G25*G16,月次売上＝期末契約社数×taXel月額500円(16行)
電力コスト削減,H11,=H6*H7*H8*H9*H10,=PRODUCT(H6:H10),累計獲得数＝顧問先×各種率（PRODUCTで統一、解約は下のストック計算で控除）
電力コスト削減,H24,,=H11-G11,新規受注＝累計獲得数の当月増分
電力コスト削減,H20,=H11*H21,=G25*H21,解約＝前月末契約社数×月次解約率（ストック型）
電力コスト削減,H25,,=G25+H24-H20,期末契約＝前月末＋新規－解約
電力コスト削減,H5,=(H11-H20)*H16*12,=H25*H16,月次売上＝期末契約社数×taXel月額500円(16行)
電力コスト削減,I11,=I6*I7*I8*I9*I10,=PRODUCT(I6:I10),累計獲得数＝顧問先×各種率（PRODUCTで統一、解約は下のストック計算で控除）
電力コスト削減,I24,,=I11-H11,新規受注＝累計獲得数の当月増分
電力コスト削減,I20,=I11*I21,=H25*I21,解約＝前月末契約社数×月次解約率（ストック型）
電力コスト削減,I25,,=H25+I24-I20,期末契約＝前月末＋新規－解約
電力コスト削減,I5,=(I11-I20)*I16*12,=I25*I16,月次売上＝期末契約社数×taXel月額500円(16行)
電力コスト削減,J11,=J6*J7*J8*J9*J10,=PRODUCT(J6:J10),累計獲得数＝顧問先×各種率（PRODUCTで統一、解約は下のストック計算で控除）
電力コスト削減,J24,,=J11-I11,新規受注＝累計獲得数の当月増分
電力コスト削減,J20,=J11*J21,=I25*J21,解約＝前月末契約社数×月次解約率（ストック型）
電力コスト削減,J25,,=I25+J24-J20,期末契約＝前月末＋新規－解約
電力コスト削減,J5,=(J11-J20)*J16*12,=J25*J16,月次売上＝期末契約社数×taXel月額500円(16行)
電力コスト削減,K11,=K6*K7*K8*K9*K10,=PRODUCT(K6:K10),累計獲得数＝顧問先×各種率（PRODUCTで統一、解約は下のストック計算で控除）
電力コスト削減,K24,,=K11-J11,新規受注＝累計獲得数の当月増分
電力コスト削減,K20,=K11*K21,=J25*K21,解約＝前月末契約社数×月次解約率（ストック型）
電力コスト削減,K25,,=J25+K24-K20,期末契約＝前月末＋新規－解約
電力コスト削減,K5,=(K11-K20)*K16*12,=K25*K16,月次売上＝期末契約社数×taXel月額500円(16行)
電力コスト削減,L11,=L6*L7*L8*L9*L10,=PRODUCT(L6:L10),累計獲得数＝顧問先×各種率（PRODUCTで統一、解約は下のストック計算で控除）
電力コスト削減,L24,,=L11-K11,新規受注＝累計獲得数の当月増分
電力コスト削減,L20,=L11*L21,=K25*L21,解約＝前月末契約社数×月次解約率（ストック型）
電力コスト削減,L25,,=K25+L24-L20,期末契約＝前月末＋新規－解約
電力コスト削減,L5,=(L11-L20)*L16*12,=L25*L16,月次売上＝期末契約社数×taXel月額500円(16行)
電力コスト削減,M11,=M6*M7*M8*M9*M10,=PRODUCT(M6:M10),累計獲得数＝顧問先×各種率（PRODUCTで統一、解約は下のストック計算で控除）
電力コスト削減,M24,,=M11-L11,新規受注＝累計獲得数の当月増分
電力コスト削減,M20,=M11*M21,=L25*M21,解約＝前月末契約社数×月次解約率（ストック型）
電力コスト削減,M25,,=L25+M24-M20,期末契約＝前月末＋新規－解約
電力コスト削減,M5,=(M11-M20)*M16*12,=M25*M16,月次売上＝期末契約社数×taXel月額500円(16行)
電力コスト削減,N11,=N6*N7*N8*N9*N10,=PRODUCT(N6:N10),累計獲得数＝顧問先×各種率（PRODUCTで統一、解約は下のストック計算で控除）
電力コスト削減,N24,,=N11-M11,新規受注＝累計獲得数の当月増分
電力コスト削減,N20,=N11*N21,=M25*N21,解約＝前月末契約社数×月次解約率（ストック型）
電力コスト削減,N25,,=M25+N24-N20,期末契約＝前月末＋新規－解約
電力コスト削減,N5,=(N11-N20)*N16*12,=N25*N16,月次売上＝期末契約社数×taXel月額500円(16行)
電力コスト削減,O11,=O6*O7*O8*O9*O10,=PRODUCT(O6:O10),累計獲得数＝顧問先×各種率（PRODUCTで統一、解約は下のストック計算で控除）
電力コスト削減,O24,,=O11-N11,新規受注＝累計獲得数の当月増分
電力コスト削減,O20,=O11*O21,=N25*O21,解約＝前月末契約社数×月次解約率（ストック型）
電力コスト削減,O25,,=N25+O24-O20,期末契約＝前月末＋新規－解約
電力コスト削減,O5,=(O11-O20)*O16*12,=O25*O16,月次売上＝期末契約社数×taXel月額500円(16行)
電力コスト削減,P11,=P6*P7*P8*P9*P10,=PRODUCT(P6:P10),累計獲得数＝顧問先×各種率（PRODUCTで統一、解約は下のストック計算で控除）
電力コスト削減,P24,,=P11-O11,新規受注＝累計獲得数の当月増分
電力コスト削減,P20,=P11*P21,=O25*P21,解約＝前月末契約社数×月次解約率（ストック型）
電力コスト削減,P25,,=O25+P24-P20,期末契約＝前月末＋新規－解約
電力コスト削減,P5,=(P11-P20)*P16*12,=P25*P16,月次売上＝期末契約社数×taXel月額500円(16行)
電力コスト削減,Q11,=Q6*Q7*Q8*Q9*Q10,=PRODUCT(Q6:Q10),累計獲得数＝顧問先×各種率（PRODUCTで統一、解約は下のストック計算で控除）
電力コスト削減,Q24,,=Q11-P11,新規受注＝累計獲得数の当月増分
電力コスト削減,Q20,=Q11*Q21,=P25*Q21,解約＝前月末契約社数×月次解約率（ストック型）
電力コスト削減,Q25,,=P25+Q24-Q20,期末契約＝前月末＋新規－解約
電力コスト削減,Q5,=(Q11-Q20)*Q16*12,=Q25*Q16,月次売上＝期末契約社数×taXel月額500円(16行)
電力コスト削減,R11,=R6*R7*R8*R9*R10,=PRODUCT(R6:R10),累計獲得数＝顧問先×各種率（PRODUCTで統一、解約は下のストック計算で控除）
電力コスト削減,R24,,=R11-Q11,新規受注＝累計獲得数の当月増分
電力コスト削減,R20,=R11*R21,=Q25*R21,解約＝前月末契約社数×月次解約率（ストック型）
電力コスト削減,R25,,=Q25+R24-R20,期末契約＝前月末＋新規－解約
電力コスト削減,R5,=(R11-R20)*R16*12,=R25*R16,月次売上＝期末契約社数×taXel月額500円(16行)
電力コスト削減,R17,=R16*R11,=R16*R25,紹介費用の受注数参照を期末契約社数（月次）に統一
電力コスト削減,S11,=S6*S7*S8*S9*S10,=PRODUCT(S6:S10),累計獲得数＝顧問先×各種率（PRODUCTで統一、解約は下のストック計算で控除）
電力コスト削減,S24,,=S11-R11,新規受注＝累計獲得数の当月増分
電力コスト削減,S20,=S11*S21,=R25*S21,解約＝前月末契約社数×月次解約率（ストック型）
電力コスト削減,S25,,=R25+S24-S20,期末契約＝前月末＋新規－解約
電力コスト削減,S5,=(S11-S20)*S16*12,=S25*S16,月次売上＝期末契約社数×taXel月額500円(16行)
電力コスト削減,S17,=S16*S11,=S16*S25,紹介費用の受注数参照を期末契約社数（月次）に統一
電力コスト削減,T11,=T6*T7*T8*T9*T10,=PRODUCT(T6:T10),累計獲得数＝顧問先×各種率（PRODUCTで統一、解約は下のストック計算で控除）
電力コスト削減,T24,,=T11-S11,新規受注＝累計獲得数の当月増分
電力コスト削減,T20,=T11*T21,=S25*T21,解約＝前月末契約社数×月次解約率（ストック型）
電力コスト削減,T25,,=S25+T24-T20,期末契約＝前月末＋新規－解約
電力コスト削減,T5,=(T11-T20)*T16*12,=T25*T16,月次売上＝期末契約社数×taXel月額500円(16行)
電力コスト削減,T17,=T16*T11,=T16*T25,紹介費用の受注数参照を期末契約社数（月次）に統一
電力コスト削減,U11,=U6*U7*U8*U9*U10,=PRODUCT(U6:U10),累計獲得数＝顧問先×各種率（PRODUCTで統一、解約は下のストック計算で控除）
電力コスト削減,U24,,=U11-T11,新規受注＝累計獲得数の当月増分
電力コスト削減,U20,=U11*U21,=T25*U21,解約＝前月末契約社数×月次解約率（ストック型）
電力コスト削減,U25,,=T25+U24-U20,期末契約＝前月末＋新規－解約
電力コスト削減,U5,=(U11-U20)*U16*12,=U25*U16,月次売上＝期末契約社数×taXel月額500円(16行)
電力コスト削減,U17,=U16*U11,=U16*U25,紹介費用の受注数参照を期末契約社数（月次）に統一
電力コスト削減,V11,=V6*V7*V8*V9*V10,=PRODUCT(V6:V10),累計獲得数＝顧問先×各種率（PRODUCTで統一、解約は下のストック計算で控除）
電力コスト削減,V24,,=V11-U11,新規受注＝累計獲得数の当月増分
電力コスト削減,V20,=V11*V21,=U25*V21,解約＝前月末契約社数×月次解約率（ストック型）
電力コスト削減,V25,,=U25+V24-V20,期末契約＝前月末＋新規－解約
電力コスト削減,V5,=(V11-V20)*V16*12,=V25*V16,月次売上＝期末契約社数×taXel月額500円(16行)
電力コスト削減,V17,=V16*V11,=V16*V25,紹介費用の受注数参照を期末契約社数（月次）に統一
電力コスト削減,W11,=W6*W7*W8*W9*W10,=PRODUCT(W6:W10),累計獲得数＝顧問先×各種率（PRODUCTで統一、解約は下のストック計算で控除）
電力コスト削減,W24,,=W11-V11,新規受注＝累計獲得数の当月増分
電力コスト削減,W20,=W11*W21,=V25*W21,解約＝前月末契約社数×月次解約率（ストック型）
電力コスト削減,W25,,=V25+W24-W20,期末契約＝前月末＋新規－解約
電力コスト削減,W5,=(W11-W20)*W16*12,=W25*W16,月次売上＝期末契約社数×taXel月額500円(16行)
電力コスト削減,W17,=W16*W11,=W16*W25,紹介費用の受注数参照を期末契約社数（月次）に統一
電力コスト削減,X11,=X6*X7*X8*X9*X10,=PRODUCT(X6:X10),累計獲得数＝顧問先×各種率（PRODUCTで統一、解約は下のストック計算で控除）
電力コスト削減,X24,,=X11-W11,新規受注＝累計獲得数の当月増分
電力コスト削減,X20,=X11*X21,=W25*X21,解約＝前月末契約社数×月次解約率（ストック型）
電力コスト削減,X25,,=W25+X24-X20,期末契約＝前月末＋新規－解約
電力コスト削減,X5,=(X11-X20)*X16*12,=X25*X16,月次売上＝期末契約社数×taXel月額500円(16行)
電力コスト削減,X17,=X16*X11,=X16*X25,紹介費用の受注数参照を期末契約社数（月次）に統一
電力コスト削減,Y11,=Y6*Y7*Y8*Y9*Y10,=PRODUCT(Y6:Y10),累計獲得数＝顧問先×各種率（PRODUCTで統一、解約は下のストック計算で控除）
電力コスト削減,Y24,,=Y11-X11,新規受注＝累計獲得数の当月増分
電力コスト削減,Y20,=Y11*Y21,=X25*Y21,解約＝前月末契約社数×月次解約率（ストック型）
電力コスト削減,Y25,,=X25+Y24-Y20,期末契約＝前月末＋新規－解約
電力コスト削減,Y5,=(Y11-Y20)*Y16*12,=Y25*Y16,月次売上＝期末契約社数×taXel月額500円(16行)
電力コスト削減,Y17,=Y16*Y11,=Y16*Y25,紹介費用の受注数参照を期末契約社数（月次）に統一
電力コスト削減,Z11,=Z6*Z7*Z8*Z9*Z10,=PRODUCT(Z6:Z10),累計獲得数＝顧問先×各種率（PRODUCTで統一、解約は下のストック計算で控除）
電力コスト削減,Z24,,=Z11-Y11,新規受注＝累計獲得数の当月増分
電力コスト削減,Z20,=Z11*Z21,=Y25*Z21,解約＝前月末契約社数×月次解約率（ストック型）
電力コスト削減,Z25,,=Y25+Z24-Z20,期末契約＝前月末＋新規－解約
電力コスト削減,Z5,=(Z11-Z20)*Z16*12,=Z25*Z16,月次売上＝期末契約社数×taXel月額500円(16行)
電力コスト削減,Z17,=Z16*Z11,=Z16*Z25,紹介費用の受注数参照を期末契約社数（月次）に統一
電力コスト削減,AA11,=AA6*AA7*AA8*AA9*AA10,=PRODUCT(AA6:AA10),累計獲得数＝顧問先×各種率（PRODUCTで統一、解約は下のストック計算で控除）
電力コスト削減,AA24,,=AA11-Z11,新規受注＝累計獲得数の当月増分
電力コスト削減,AA20,=AA11*AA21,=Z25*AA21,解約＝前月末契約社数×月次解約率（ストック型）
電力コスト削減,AA25,,=Z25+AA24-AA20,期末契約＝前月末＋新規－解約
電力コスト削減,AA5,=(AA11-AA20)*AA16*12,=AA25*AA16,月次売上＝期末契約社数×taXel月額500円(16行)
電力コスト削減,AA17,=AA16*AA11,=AA16*AA25,紹介費用の受注数参照を期末契約社数（月次）に統一
電力コスト削減,AB11,=AB6*AB7*AB8*AB9*AB10,=PRODUCT(AB6:AB10),累計獲得数＝顧問先×各種率（PRODUCTで統一、解約は下のストック計算で控除）
電力コスト削減,AB24,,=AB11-AA11,新規受注＝累計獲得数の当月増分
電力コスト削減,AB20,=AB11*AB21,=AA25*AB21,解約＝前月末契約社数×月次解約率（ストック型）
電力コスト削減,AB25,,=AA25+AB24-AB20,期末契約＝前月末＋新規－解約
電力コスト削減,AB5,=(AB11-AB20)*AB16*12,=AB25*AB16,月次売上＝期末契約社数×taXel月額500円(16行)
電力コスト削減,AB17,=AB16*AB11,=AB16*AB25,紹介費用の受注数参照を期末契約社数（月次）に統一
電力コスト削減,AC11,=AC6*AC7*AC8*AC9*AC10,=PRODUCT(AC6:AC10),累計獲得数＝顧問先×各種率（PRODUCTで統一、解約は下のストック計算で控除）
電力コスト削減,AC24,,=AC11-AB11,新規受注＝累計獲得数の当月増分
電力コスト削減,AC20,=AC11*AC21,=AB25*AC21,解約＝前月末契約社数×月次解約率（ストック型）
電力コスト削減,AC25,,=AB25+AC24-AC20,期末契約＝前月末＋新規－解約
電力コスト削減,AC5,=(AC11-AC20)*AC16*12,=AC25*AC16,月次売上＝期末契約社数×taXel月額500円(16行)
電力コスト削減,AC17,=AC16*AC11,=AC16*AC25,紹介費用の受注数参照を期末契約社数（月次）に統一
電力コスト削減,AD11,=AD6*AD7*AD8*AD9*AD10,=PRODUCT(AD6:AD10),累計獲得数＝顧問先×各種率（PRODUCTで統一、解約は下のストック計算で控除）
電力コスト削減,AD24,,=AD11-AC11,新規受注＝累計獲得数の当月増分
電力コスト削減,AD20,=AD11*AD21,=AC25*AD21,解約＝前月末契約社数×月次解約率（ストック型）
電力コスト削減,AD25,,=AC25+AD24-AD20,期末契約＝前月末＋新規－解約
電力コスト削減,AD5,=(AD11-AD20)*AD16*12,=AD25*AD16,月次売上＝期末契約社数×taXel月額500円(16行)
電力コスト削減,AD21,0.015,0.0175,月次解約率：Y1-2 2.0%／Y3-4 1.75%／Y5 1.5%（B2B SaaSで現実的な1.5〜2.0%帯、年数とともに逓減）
電力コスト削減,AD17,=AD16*AD11,=AD16*AD25,紹介費用の受注数参照を期末契約社数（月次）に統一
電力コスト削減,AE11,=AE6*AE7*AE8*AE9*AE10,=PRODUCT(AE6:AE10),累計獲得数＝顧問先×各種率（PRODUCTで統一、解約は下のストック計算で控除）
電力コスト削減,AE24,,=AE11-AD11,新規受注＝累計獲得数の当月増分
電力コスト削減,AE20,=AE11*AE21,=AD25*AE21,解約＝前月末契約社数×月次解約率（ストック型）
電力コスト削減,AE25,,=AD25+AE24-AE20,期末契約＝前月末＋新規－解約
電力コスト削減,AE5,=(AE11-AE20)*AE16*12,=AE25*AE16,月次売上＝期末契約社数×taXel月額500円(16行)
電力コスト削減,AE21,0.015,0.0175,月次解約率：Y1-2 2.0%／Y3-4 1.75%／Y5 1.5%（B2B SaaSで現実的な1.5〜2.0%帯、年数とともに逓減）
電力コスト削減,AE17,=AE16*AE11,=AE16*AE25,紹介費用の受注数参照を期末契約社数（月次）に統一
電力コスト削減,AF11,=AF6*AF7*AF8*AF9*AF10,=PRODUCT(AF6:AF10),累計獲得数＝顧問先×各種率（PRODUCTで統一、解約は下のストック計算で控除）
電力コスト削減,AF24,,=AF11-AE11,新規受注＝累計獲得数の当月増分
電力コスト削減,AF20,=AF11*AF21,=AE25*AF21,解約＝前月末契約社数×月次解約率（ストック型）
電力コスト削減,AF25,,=AE25+AF24-AF20,期末契約＝前月末＋新規－解約
電力コスト削減,AF5,=(AF11-AF20)*AF16*12,=AF25*AF16,月次売上＝期末契約社数×taXel月額500円(16行)
電力コスト削減,AF21,0.015,0.0175,月次解約率：Y1-2 2.0%／Y3-4 1.75%／Y5 1.5%（B2B SaaSで現実的な1.5〜2.0%帯、年数とともに逓減）
電力コスト削減,AF17,=AF16*AF11,=AF16*AF25,紹介費用の受注数参照を期末契約社数（月次）に統一
電力コスト削減,AG11,=AG6*AG7*AG8*AG9*AG10,=PRODUCT(AG6:AG10),累計獲得数＝顧問先×各種率（PRODUCTで統一、解約は下のストック計算で控除）
電力コスト削減,AG24,,=AG11-AF11,新規受注＝累計獲得数の当月増分
電力コスト削減,AG20,=AG11*AG21,=AF25*AG21,解約＝前月末契約社数×月次解約率（ストック型）
電力コスト削減,AG25,,=AF25+AG24-AG20,期末契約＝前月末＋新規－解約
電力コスト削減,AG5,=(AG11-AG20)*AG16*12,=AG25*AG16,月次売上＝期末契約社数×taXel月額500円(16行)
電力コスト削減,AG21,0.015,0.0175,月次解約率：Y1-2 2.0%／Y3-4 1.75%／Y5 1.5%（B2B SaaSで現実的な1.5〜2.0%帯、年数とともに逓減）
電力コスト削減,AG17,=AG16*AG11,=AG16*AG25,紹介費用の受注数参照を期末契約社数（月次）に統一
電力コスト削減,AH11,=AH6*AH7*AH8*AH9*AH10,=PRODUCT(AH6:AH10),累計獲得数＝顧問先×各種率（PRODUCTで統一、解約は下のストック計算で控除）
電力コスト削減,AH24,,=AH11-AG11,新規受注＝累計獲得数の当月増分
電力コスト削減,AH20,=AH11*AH21,=AG25*AH21,解約＝前月末契約社数×月次解約率（ストック型）
電力コスト削減,AH25,,=AG25+AH24-AH20,期末契約＝前月末＋新規－解約
電力コスト削減,AH5,=(AH11-AH20)*AH16*12,=AH25*AH16,月次売上＝期末契約社数×taXel月額500円(16行)
電力コスト削減,AH21,0.015,0.0175,月次解約率：Y1-2 2.0%／Y3-4 1.75%／Y5 1.5%（B2B SaaSで現実的な1.5〜2.0%帯、年数とともに逓減）
電力コスト削減,AH17,=AH16*AH11,=AH16*AH25,紹介費用の受注数参照を期末契約社数（月次）に統一
電力コスト削減,AI11,=AI6*AI7*AI8*AI9*AI10,=PRODUCT(AI6:AI10),累計獲得数＝顧問先×各種率（PRODUCTで統一、解約は下のストック計算で控除）
電力コスト削減,AI24,,=AI11-AH11,新規受注＝累計獲得数の当月増分
電力コスト削減,AI20,=AI11*AI21,=AH25*AI21,解約＝前月末契約社数×月次解約率（ストック型）
電力コスト削減,AI25,,=AH25+AI24-AI20,期末契約＝前月末＋新規－解約
電力コスト削減,AI5,=(AI11-AI20)*AI16*12,=AI25*AI16,月次売上＝期末契約社数×taXel月額500円(16行)
電力コスト削減,AI21,0.015,0.0175,月次解約率：Y1-2 2.0%／Y3-4 1.75%／Y5 1.5%（B2B SaaSで現実的な1.5〜2.0%帯、年数とともに逓減）
電力コスト削減,AI17,=AI16*AI11,=AI16*AI25,紹介費用の受注数参照を期末契約社数（月次）に統一
電力コスト削減,AJ11,=AJ6*AJ7*AJ8*AJ9*AJ10,=PRODUCT(AJ6:AJ10),累計獲得数＝顧問先×各種率（PRODUCTで統一、解約は下のストック計算で控除）
電力コスト削減,AJ24,,=AJ11-AI11,新規受注＝累計獲得数の当月増分
電力コスト削減,AJ20,=AJ11*AJ21,=AI25*AJ21,解約＝前月末契約社数×月次解約率（ストック型）
電力コスト削減,AJ25,,=AI25+AJ24-AJ20,期末契約＝前月末＋新規－解約
電力コスト削減,AJ5,=(AJ11-AJ20)*AJ16*12,=AJ25*AJ16,月次売上＝期末契約社数×taXel月額500円(16行)
電力コスト削減,AJ21,0.015,0.0175,月次解約率：Y1-2 2.0%／Y3-4 1.75%／Y5 1.5%（B2B SaaSで現実的な1.5〜2.0%帯、年数とともに逓減）
電力コスト削減,AJ17,=AJ16*AJ11,=AJ16*AJ25,紹介費用の受注数参照を期末契約社数（月次）に統一
電力コスト削減,AK11,=AK6*AK7*AK8*AK9*AK10,=PRODUCT(AK6:AK10),累計獲得数＝顧問先×各種率（PRODUCTで統一、解約は下のストック計算で控除）
電力コスト削減,AK24,,=AK11-AJ11,新規受注＝累計獲得数の当月増分
電力コスト削減,AK20,=AK11*AK21,=AJ25*AK21,解約＝前月末契約社数×月次解約率（ストック型）
電力コスト削減,AK25,,=AJ25+AK24-AK20,期末契約＝前月末＋新規－解約
電力コスト削減,AK5,=(AK11-AK20)*AK16*12,=AK25*AK16,月次売上＝期末契約社数×taXel月額500円(16行)
電力コスト削減,AK21,0.015,0.0175,月次解約率：Y1-2 2.0%／Y3-4 1.75%／Y5 1.5%（B2B SaaSで現実的な1.5〜2.0%帯、年数とともに逓減）
電力コスト削減,AK17,=AK16*AK11,=AK16*AK25,紹介費用の受注数参照を期末契約社数（月次）に統一
電力コスト削減,AL11,=AL6*AL7*AL8*AL9*AL10,=PRODUCT(AL6:AL10),累計獲得数＝顧問先×各種率（PRODUCTで統一、解約は下のストック計算で控除）
電力コスト削減,AL24,,=AL11-AK11,新規受注＝累計獲得数の当月増分
電力コスト削減,AL20,=AL11*AL21,=AK25*AL21,解約＝前月末契約社数×月次解約率（ストック型）
電力コスト削減,AL25,,=AK25+AL24-AL20,期末契約＝前月末＋新規－解約
電力コスト削減,AL5,=(AL11-AL20)*AL16*12,=AL25*AL16,月次売上＝期末契約社数×taXel月額500円(16行)
電力コスト削減,AL21,0.015,0.0175,月次解約率：Y1-2 2.0%／Y3-4 1.75%／Y5 1.5%（B2B SaaSで現実的な1.5〜2.0%帯、年数とともに逓減）
電力コスト削減,AL17,=AL16*AL11,=AL16*AL25,紹介費用の受注数参照を期末契約社数（月次）に統一
電力コスト削減,AM11,=AM6*AM7*AM8*AM9*AM10,=PRODUCT(AM6:AM10),累計獲得数＝顧問先×各種率（PRODUCTで統一、解約は下のストック計算で控除）
電力コスト削減,AM24,,=AM11-AL11,新規受注＝累計獲得数の当月増分
電力コスト削減,AM20,=AM11*AM21,=AL25*AM21,解約＝前月末契約社数×月次解約率（ストック型）
電力コスト削減,AM25,,=AL25+AM24-AM20,期末契約＝前月末＋新規－解約
電力コスト削減,AM5,=(AM11-AM20)*AM16*12,=AM25*AM16,月次売上＝期末契約社数×taXel月額500円(16行)
電力コスト削減,AM21,0.015,0.0175,月次解約率：Y1-2 2.0%／Y3-4 1.75%／Y5 1.5%（B2B SaaSで現実的な1.5〜2.0%帯、年数とともに逓減）
電力コスト削減,AM17,=AM16*AM11,=AM16*AM25,紹介費用の受注数参照を期末契約社数（月次）に統一
電力コスト削減,AN11,=AN6*AN7*AN8*AN9*AN10,=PRODUCT(AN6:AN10),累計獲得数＝顧問先×各種率（PRODUCTで統一、解約は下のストック計算で控除）
電力コスト削減,AN24,,=AN11-AM11,新規受注＝累計獲得数の当月増分
電力コスト削減,AN20,=AN11*AN21,=AM25*AN21,解約＝前月末契約社数×月次解約率（ストック型）
電力コスト削減,AN25,,=AM25+AN24-AN20,期末契約＝前月末＋新規－解約
電力コスト削減,AN5,=(AN11-AN20)*AN16*12,=AN25*AN16,月次売上＝期末契約社数×taXel月額500円(16行)
電力コスト削減,AN21,0.015,0.0175,月次解約率：Y1-2 2.0%／Y3-4 1.75%／Y5 1.5%（B2B SaaSで現実的な1.5〜2.0%帯、年数とともに逓減）
電力コスト削減,AN17,=AN16*AN11,=AN16*AN25,紹介費用の受注数参照を期末契約社数（月次）に統一
電力コスト削減,AO11,=AO6*AO7*AO8*AO9*AO10,=PRODUCT(AO6:AO10),累計獲得数＝顧問先×各種率（PRODUCTで統一、解約は下のストック計算で控除）
電力コスト削減,AO24,,=AO11-AN11,新規受注＝累計獲得数の当月増分
電力コスト削減,AO20,=AO11*AO21,=AN25*AO21,解約＝前月末契約社数×月次解約率（ストック型）
電力コスト削減,AO25,,=AN25+AO24-AO20,期末契約＝前月末＋新規－解約
電力コスト削減,AO5,=(AO11-AO20)*AO16*12,=AO25*AO16,月次売上＝期末契約社数×taXel月額500円(16行)
電力コスト削減,AO21,0.015,0.0175,月次解約率：Y1-2 2.0%／Y3-4 1.75%／Y5 1.5%（B2B SaaSで現実的な1.5〜2.0%帯、年数とともに逓減）
電力コスト削減,AO17,=AO16*AO11,=AO16*AO25,紹介費用の受注数参照を期末契約社数（月次）に統一
電力コスト削減,AP11,=AP6*AP7*AP8*AP9*AP10,=PRODUCT(AP6:AP10),累計獲得数＝顧問先×各種率（PRODUCTで統一、解約は下のストック計算で控除）
電力コスト削減,AP24,,=AP11-AO11,新規受注＝累計獲得数の当月増分
電力コスト削減,AP20,=AP11*AP21,=AO25*AP21,解約＝前月末契約社数×月次解約率（ストック型）
電力コスト削減,AP25,,=AO25+AP24-AP20,期末契約＝前月末＋新規－解約
電力コスト削減,AP5,=(AP11-AP20)*AP16*12,=AP25*AP16,月次売上＝期末契約社数×taXel月額500円(16行)
電力コスト削減,AP21,0.015,0.0175,月次解約率：Y1-2 2.0%／Y3-4 1.75%／Y5 1.5%（B2B SaaSで現実的な1.5〜2.0%帯、年数とともに逓減）
電力コスト削減,AP17,=AP16*AP11,=AP16*AP25,紹介費用の受注数参照を期末契約社数（月次）に統一
電力コスト削減,AQ11,=AQ6*AQ7*AQ8*AQ9*AQ10,=PRODUCT(AQ6:AQ10),累計獲得数＝顧問先×各種率（PRODUCTで統一、解約は下のストック計算で控除）
電力コスト削減,AQ24,,=AQ11-AP11,新規受注＝累計獲得数の当月増分
電力コスト削減,AQ20,=AQ11*AQ21,=AP25*AQ21,解約＝前月末契約社数×月次解約率（ストック型）
電力コスト削減,AQ25,,=AP25+AQ24-AQ20,期末契約＝前月末＋新規－解約
電力コスト削減,AQ5,=(AQ11-AQ20)*AQ16*12,=AQ25*AQ16,月次売上＝期末契約社数×taXel月額500円(16行)
電力コスト削減,AQ21,0.015,0.0175,月次解約率：Y1-2 2.0%／Y3-4 1.75%／Y5 1.5%（B2B SaaSで現実的な1.5〜2.0%帯、年数とともに逓減）
電力コスト削減,AQ17,=AQ16*AQ11,=AQ16*AQ25,紹介費用の受注数参照を期末契約社数（月次）に統一
電力コスト削減,AR11,=AR6*AR7*AR8*AR9*AR10,=PRODUCT(AR6:AR10),累計獲得数＝顧問先×各種率（PRODUCTで統一、解約は下のストック計算で控除）
電力コスト削減,AR24,,=AR11-AQ11,新規受注＝累計獲得数の当月増分
電力コスト削減,AR20,=AR11*AR21,=AQ25*AR21,解約＝前月末契約社数×月次解約率（ストック型）
電力コスト削減,AR25,,=AQ25+AR24-AR20,期末契約＝前月末＋新規－解約
電力コスト削減,AR5,=(AR11-AR20)*AR16*12,=AR25*AR16,月次売上＝期末契約社数×taXel月額500円(16行)
電力コスト削減,AR21,0.015,0.0175,月次解約率：Y1-2 2.0%／Y3-4 1.75%／Y5 1.5%（B2B SaaSで現実的な1.5〜2.0%帯、年数とともに逓減）
電力コスト削減,AR17,=AR16*AR11,=AR16*AR25,紹介費用の受注数参照を期末契約社数（月次）に統一
電力コスト削減,AS11,=AS6*AS7*AS8*AS9*AS10,=PRODUCT(AS6:AS10),累計獲得数＝顧問先×各種率（PRODUCTで統一、解約は下のストック計算で控除）
電力コスト削減,AS24,,=AS11-AR11,新規受注＝累計獲得数の当月増分
電力コスト削減,AS20,=AS11*AS21,=AR25*AS21,解約＝前月末契約社数×月次解約率（ストック型）
電力コスト削減,AS25,,=AR25+AS24-AS20,期末契約＝前月末＋新規－解約
電力コスト削減,AS5,=(AS11-AS20)*AS16*12,=AS25*AS16,月次売上＝期末契約社数×taXel月額500円(16行)
電力コスト削減,AS21,0.015,0.0175,月次解約率：Y1-2 2.0%／Y3-4 1.75%／Y5 1.5%（B2B SaaSで現実的な1.5〜2.0%帯、年数とともに逓減）
電力コスト削減,AS17,=AS16*AS11,=AS16*AS25,紹介費用の受注数参照を期末契約社数（月次）に統一
電力コスト削減,AT11,=AT6*AT7*AT8*AT9*AT10,=PRODUCT(AT6:AT10),累計獲得数＝顧問先×各種率（PRODUCTで統一、解約は下のストック計算で控除）
電力コスト削減,AT24,,=AT11-AS11,新規受注＝累計獲得数の当月増分
電力コスト削減,AT20,=AT11*AT21,=AS25*AT21,解約＝前月末契約社数×月次解約率（ストック型）
電力コスト削減,AT25,,=AS25+AT24-AT20,期末契約＝前月末＋新規－解約
電力コスト削減,AT5,=(AT11-AT20)*AT16*12,=AT25*AT16,月次売上＝期末契約社数×taXel月額500円(16行)
電力コスト削減,AT21,0.015,0.0175,月次解約率：Y1-2 2.0%／Y3-4 1.75%／Y5 1.5%（B2B SaaSで現実的な1.5〜2.0%帯、年数とともに逓減）
電力コスト削減,AT17,=AT16*AT11,=AT16*AT25,紹介費用の受注数参照を期末契約社数（月次）に統一
電力コスト削減,AU11,=AU6*AU7*AU8*AU9*AU10,=PRODUCT(AU6:AU10),累計獲得数＝顧問先×各種率（PRODUCTで統一、解約は下のストック計算で控除）
電力コスト削減,AU24,,=AU11-AT11,新規受注＝累計獲得数の当月増分
電力コスト削減,AU20,=AU11*AU21,=AT25*AU21,解約＝前月末契約社数×月次解約率（ストック型）
電力コスト削減,AU25,,=AT25+AU24-AU20,期末契約＝前月末＋新規－解約
電力コスト削減,AU5,=(AU11-AU20)*AU16*12,=AU25*AU16,月次売上＝期末契約社数×taXel月額500円(16行)
電力コスト削減,AU21,0.015,0.0175,月次解約率：Y1-2 2.0%／Y3-4 1.75%／Y5 1.5%（B2B SaaSで現実的な1.5〜2.0%帯、年数とともに逓減）
電力コスト削減,AU17,=AU16*AU11,=AU16*AU25,紹介費用の受注数参照を期末契約社数（月次）に統一
電力コスト削減,AV11,=AV6*AV7*AV8*AV9*AV10,=PRODUCT(AV6:AV10),累計獲得数＝顧問先×各種率（PRODUCTで統一、解約は下のストック計算で控除）
電力コスト削減,AV24,,=AV11-AU11,新規受注＝累計獲得数の当月増分
電力コスト削減,AV20,=AV11*AV21,=AU25*AV21,解約＝前月末契約社数×月次解約率（ストック型）
電力コスト削減,AV25,,=AU25+AV24-AV20,期末契約＝前月末＋新規－解約
電力コスト削減,AV5,=(AV11-AV20)*AV16*12,=AV25*AV16,月次売上＝期末契約社数×taXel月額500円(16行)
電力コスト削減,AV21,0.015,0.0175,月次解約率：Y1-2 2.0%／Y3-4 1.75%／Y5 1.5%（B2B SaaSで現実的な1.5〜2.0%帯、年数とともに逓減）
電力コスト削減,AV17,=AV16*AV11,=AV16*AV25,紹介費用の受注数参照を期末契約社数（月次）に統一
電力コスト削減,AW11,=AW6*AW7*AW8*AW9*AW10,=PRODUCT(AW6:AW10),累計獲得数＝顧問先×各種率（PRODUCTで統一、解約は下のストック計算で控除）
電力コスト削減,AW24,,=AW11-AV11,新規受注＝累計獲得数の当月増分
電力コスト削減,AW20,=AW11*AW21,=AV25*AW21,解約＝前月末契約社数×月次解約率（ストック型）
電力コスト削減,AW25,,=AV25+AW24-AW20,期末契約＝前月末＋新規－解約
電力コスト削減,AW5,=(AW11-AW20)*AW16*12,=AW25*AW16,月次売上＝期末契約社数×taXel月額500円(16行)
電力コスト削減,AW21,0.015,0.0175,月次解約率：Y1-2 2.0%／Y3-4 1.75%／Y5 1.5%（B2B SaaSで現実的な1.5〜2.0%帯、年数とともに逓減）
電力コスト削減,AW17,=AW16*AW11,=AW16*AW25,紹介費用の受注数参照を期末契約社数（月次）に統一
電力コスト削減,AX11,=AX6*AX7*AX8*AX9*AX10,=PRODUCT(AX6:AX10),累計獲得数＝顧問先×各種率（PRODUCTで統一、解約は下のストック計算で控除）
電力コスト削減,AX24,,=AX11-AW11,新規受注＝累計獲得数の当月増分
電力コスト削減,AX20,=AX11*AX21,=AW25*AX21,解約＝前月末契約社数×月次解約率（ストック型）
電力コスト削減,AX25,,=AW25+AX24-AX20,期末契約＝前月末＋新規－解約
電力コスト削減,AX5,=(AX11-AX20)*AX16*12,=AX25*AX16,月次売上＝期末契約社数×taXel月額500円(16行)
電力コスト削減,AX21,0.015,0.0175,月次解約率：Y1-2 2.0%／Y3-4 1.75%／Y5 1.5%（B2B SaaSで現実的な1.5〜2.0%帯、年数とともに逓減）
電力コスト削減,AX17,=AX16*AX11,=AX16*AX25,紹介費用の受注数参照を期末契約社数（月次）に統一
電力コスト削減,AY11,=AY6*AY7*AY8*AY9*AY10,=PRODUCT(AY6:AY10),累計獲得数＝顧問先×各種率（PRODUCTで統一、解約は下のストック計算で控除）
電力コスト削減,AY24,,=AY11-AX11,新規受注＝累計獲得数の当月増分
電力コスト削減,AY20,=AY11*AY21,=AX25*AY21,解約＝前月末契約社数×月次解約率（ストック型）
電力コスト削減,AY25,,=AX25+AY24-AY20,期末契約＝前月末＋新規－解約
電力コスト削減,AY5,=(AY11-AY20)*AY16*12,=AY25*AY16,月次売上＝期末契約社数×taXel月額500円(16行)
電力コスト削減,AY21,0.015,0.0175,月次解約率：Y1-2 2.0%／Y3-4 1.75%／Y5 1.5%（B2B SaaSで現実的な1.5〜2.0%帯、年数とともに逓減）
電力コスト削減,AY17,=AY16*AY11,=AY16*AY25,紹介費用の受注数参照を期末契約社数（月次）に統一
電力コスト削減,AZ11,=AZ6*AZ7*AZ8*AZ9*AZ10,=PRODUCT(AZ6:AZ10),累計獲得数＝顧問先×各種率（PRODUCTで統一、解約は下のストック計算で控除）
電力コスト削減,AZ24,,=AZ11-AY11,新規受注＝累計獲得数の当月増分
電力コスト削減,AZ20,=AZ11*AZ21,=AY25*AZ21,解約＝前月末契約社数×月次解約率（ストック型）
電力コスト削減,AZ25,,=AY25+AZ24-AZ20,期末契約＝前月末＋新規－解約
電力コスト削減,AZ5,=(AZ11-AZ20)*AZ16*12,=AZ25*AZ16,月次売上＝期末契約社数×taXel月額500円(16行)
電力コスト削減,AZ21,0.015,0.0175,月次解約率：Y1-2 2.0%／Y3-4 1.75%／Y5 1.5%（B2B SaaSで現実的な1.5〜2.0%帯、年数とともに逓減）
電力コスト削減,AZ17,=AZ16*AZ11,=AZ16*AZ25,紹介費用の受注数参照を期末契約社数（月次）に統一
電力コスト削減,BA11,=BA6*BA7*BA8*BA9*BA10,=PRODUCT(BA6:BA10),累計獲得数＝顧問先×各種率（PRODUCTで統一、解約は下のストック計算で控除）
電力コスト削減,BA24,,=BA11-AZ11,新規受注＝累計獲得数の当月増分
電力コスト削減,BA20,=BA11*BA21,=AZ25*BA21,解約＝前月末契約社数×月次解約率（ストック型）
電力コスト削減,BA25,,=AZ25+BA24-BA20,期末契約＝前月末＋新規－解約
電力コスト削減,BA5,=(BA11-BA20)*BA16*12,=BA25*BA16,月次売上＝期末契約社数×taXel月額500円(16行)
電力コスト削減,BA21,0.015,0.0175,月次解約率：Y1-2 2.0%／Y3-4 1.75%／Y5 1.5%（B2B SaaSで現実的な1.5〜2.0%帯、年数とともに逓減）
電力コスト削減,BA17,=BA16*BA11,=BA16*BA25,紹介費用の受注数参照を期末契約社数（月次）に統一
電力コスト削減,BB11,=BB6*BB7*BB8*BB9*BB10,=PRODUCT(BB6:BB10),累計獲得数＝顧問先×各種率（PRODUCTで統一、解約は下のストック計算で控除）
電力コスト削減,BB24,,=BB11-BA11,新規受注＝累計獲得数の当月増分
電力コスト削減,BB20,=BB11*BB21,=BA25*BB21,解約＝前月末契約社数×月次解約率（ストック型）
電力コスト削減,BB25,,=BA25+BB24-BB20,期末契約＝前月末＋新規－解約
電力コスト削減,BB5,=(BB11-BB20)*BB16*12,=BB25*BB16,月次売上＝期末契約社数×taXel月額500円(16行)
電力コスト削減,BB21,0.01,0.015,月次解約率：Y1-2 2.0%／Y3-4 1.75%／Y5 1.5%（B2B SaaSで現実的な1.5〜2.0%帯、年数とともに逓減）
電力コスト削減,BB17,=BB16*BB11,=BB16*BB25,紹介費用の受注数参照を期末契約社数（月次）に統一
電力コスト削減,BC11,=BC6*BC7*BC8*BC9*BC10,=PRODUCT(BC6:BC10),累計獲得数＝顧問先×各種率（PRODUCTで統一、解約は下のストック計算で控除）
電力コスト削減,BC24,,=BC11-BB11,新規受注＝累計獲得数の当月増分
電力コスト削減,BC20,=BC11*BC21,=BB25*BC21,解約＝前月末契約社数×月次解約率（ストック型）
電力コスト削減,BC25,,=BB25+BC24-BC20,期末契約＝前月末＋新規－解約
電力コスト削減,BC5,=(BC11-BC20)*BC16*12,=BC25*BC16,月次売上＝期末契約社数×taXel月額500円(16行)
電力コスト削減,BC21,0.01,0.015,月次解約率：Y1-2 2.0%／Y3-4 1.75%／Y5 1.5%（B2B SaaSで現実的な1.5〜2.0%帯、年数とともに逓減）
電力コスト削減,BC17,=BC16*BC11,=BC16*BC25,紹介費用の受注数参照を期末契約社数（月次）に統一
電力コスト削減,BD11,=BD6*BD7*BD8*BD9*BD10,=PRODUCT(BD6:BD10),累計獲得数＝顧問先×各種率（PRODUCTで統一、解約は下のストック計算で控除）
電力コスト削減,BD24,,=BD11-BC11,新規受注＝累計獲得数の当月増分
電力コスト削減,BD20,=BD11*BD21,=BC25*BD21,解約＝前月末契約社数×月次解約率（ストック型）
電力コスト削減,BD25,,=BC25+BD24-BD20,期末契約＝前月末＋新規－解約
電力コスト削減,BD5,=(BD11-BD20)*BD16*12,=BD25*BD16,月次売上＝期末契約社数×taXel月額500円(16行)
電力コスト削減,BD21,0.01,0.015,月次解約率：Y1-2 2.0%／Y3-4 1.75%／Y5 1.5%（B2B SaaSで現実的な1.5〜2.0%帯、年数とともに逓減）
電力コスト削減,BD17,=BD16*BD11,=BD16*BD25,紹介費用の受注数参照を期末契約社数（月次）に統一
電力コスト削減,BE11,=BE6*BE7*BE8*BE9*BE10,=PRODUCT(BE6:BE10),累計獲得数＝顧問先×各種率（PRODUCTで統一、解約は下のストック計算で控除）
電力コスト削減,BE24,,=BE11-BD11,新規受注＝累計獲得数の当月増分
電力コスト削減,BE20,=BE11*BE21,=BD25*BE21,解約＝前月末契約社数×月次解約率（ストック型）
電力コスト削減,BE25,,=BD25+BE24-BE20,期末契約＝前月末＋新規－解約
電力コスト削減,BE5,=(BE11-BE20)*BE16*12,=BE25*BE16,月次売上＝期末契約社数×taXel月額500円(16行)
電力コスト削減,BE21,0.01,0.015,月次解約率：Y1-2 2.0%／Y3-4 1.75%／Y5 1.5%（B2B SaaSで現実的な1.5〜2.0%帯、年数とともに逓減）
電力コスト削減,BE17,=BE16*BE11,=BE16*BE25,紹介費用の受注数参照を期末契約社数（月次）に統一
電力コスト削減,BF11,=BF6*BF7*BF8*BF9*BF10,=PRODUCT(BF6:BF10),累計獲得数＝顧問先×各種率（PRODUCTで統一、解約は下のストック計算で控除）
電力コスト削減,BF24,,=BF11-BE11,新規受注＝累計獲得数の当月増分
電力コスト削減,BF20,=BF11*BF21,=BE25*BF21,解約＝前月末契約社数×月次解約率（ストック型）
電力コスト削減,BF25,,=BE25+BF24-BF20,期末契約＝前月末＋新規－解約
電力コスト削減,BF5,=(BF11-BF20)*BF16*12,=BF25*BF16,月次売上＝期末契約社数×taXel月額500円(16行)
電力コスト削減,BF21,0.01,0.015,月次解約率：Y1-2 2.0%／Y3-4 1.75%／Y5 1.5%（B2B SaaSで現実的な1.5〜2.0%帯、年数とともに逓減）
電力コスト削減,BF17,=BF16*BF11,=BF16*BF25,紹介費用の受注数参照を期末契約社数（月次）に統一
電力コスト削減,BG11,=BG6*BG7*BG8*BG9*BG10,=PRODUCT(BG6:BG10),累計獲得数＝顧問先×各種率（PRODUCTで統一、解約は下のストック計算で控除）
電力コスト削減,BG24,,=BG11-BF11,新規受注＝累計獲得数の当月増分
電力コスト削減,BG20,=BG11*BG21,=BF25*BG21,解約＝前月末契約社数×月次解約率（ストック型）
電力コスト削減,BG25,,=BF25+BG24-BG20,期末契約＝前月末＋新規－解約
電力コスト削減,BG5,=(BG11-BG20)*BG16*12,=BG25*BG16,月次売上＝期末契約社数×taXel月額500円(16行)
電力コスト削減,BG21,0.01,0.015,月次解約率：Y1-2 2.0%／Y3-4 1.75%／Y5 1.5%（B2B SaaSで現実的な1.5〜2.0%帯、年数とともに逓減）
電力コスト削減,BG17,=BG16*BG11,=BG16*BG25,紹介費用の受注数参照を期末契約社数（月次）に統一
電力コスト削減,BH11,=BH6*BH7*BH8*BH9*BH10,=PRODUCT(BH6:BH10),累計獲得数＝顧問先×各種率（PRODUCTで統一、解約は下のストック計算で控除）
電力コスト削減,BH24,,=BH11-BG11,新規受注＝累計獲得数の当月増分
電力コスト削減,BH20,=BH11*BH21,=BG25*BH21,解約＝前月末契約社数×月次解約率（ストック型）
電力コスト削減,BH25,,=BG25+BH24-BH20,期末契約＝前月末＋新規－解約
電力コスト削減,BH5,=(BH11-BH20)*BH16*12,=BH25*BH16,月次売上＝期末契約社数×taXel月額500円(16行)
電力コスト削減,BH21,0.01,0.015,月次解約率：Y1-2 2.0%／Y3-4 1.75%／Y5 1.5%（B2B SaaSで現実的な1.5〜2.0%帯、年数とともに逓減）
電力コスト削減,BH17,=BH16*BH11,=BH16*BH25,紹介費用の受注数参照を期末契約社数（月次）に統一
電力コスト削減,BI11,=BI6*BI7*BI8*BI9*BI10,=PRODUCT(BI6:BI10),累計獲得数＝顧問先×各種率（PRODUCTで統一、解約は下のストック計算で控除）
電力コスト削減,BI24,,=BI11-BH11,新規受注＝累計獲得数の当月増分
電力コスト削減,BI20,=BI11*BI21,=BH25*BI21,解約＝前月末契約社数×月次解約率（ストック型）
電力コスト削減,BI25,,=BH25+BI24-BI20,期末契約＝前月末＋新規－解約
電力コスト削減,BI5,=(BI11-BI20)*BI16*12,=BI25*BI16,月次売上＝期末契約社数×taXel月額500円(16行)
電力コスト削減,BI21,0.01,0.015,月次解約率：Y1-2 2.0%／Y3-4 1.75%／Y5 1.5%（B2B SaaSで現実的な1.5〜2.0%帯、年数とともに逓減）
電力コスト削減,BI17,=BI16*BI11,=BI16*BI25,紹介費用の受注数参照を期末契約社数（月次）に統一
電力コスト削減,BJ11,=BJ6*BJ7*BJ8*BJ9*BJ10,=PRODUCT(BJ6:BJ10),累計獲得数＝顧問先×各種率（PRODUCTで統一、解約は下のストック計算で控除）
電力コスト削減,BJ24,,=BJ11-BI11,新規受注＝累計獲得数の当月増分
電力コスト削減,BJ20,=BJ11*BJ21,=BI25*BJ21,解約＝前月末契約社数×月次解約率（ストック型）
電力コスト削減,BJ25,,=BI25+BJ24-BJ20,期末契約＝前月末＋新規－解約
電力コスト削減,BJ5,=(BJ11-BJ20)*BJ16*12,=BJ25*BJ16,月次売上＝期末契約社数×taXel月額500円(16行)
電力コスト削減,BJ21,0.01,0.015,月次解約率：Y1-2 2.0%／Y3-4 1.75%／Y5 1.5%（B2B SaaSで現実的な1.5〜2.0%帯、年数とともに逓減）
電力コスト削減,BJ17,=BJ16*BJ11,=BJ16*BJ25,紹介費用の受注数参照を期末契約社数（月次）に統一
電力コスト削減,BK11,=BK6*BK7*BK8*BK9*BK10,=PRODUCT(BK6:BK10),累計獲得数＝顧問先×各種率（PRODUCTで統一、解約は下のストック計算で控除）
電力コスト削減,BK24,,=BK11-BJ11,新規受注＝累計獲得数の当月増分
電力コスト削減,BK20,=BK11*BK21,=BJ25*BK21,解約＝前月末契約社数×月次解約率（ストック型）
電力コスト削減,BK25,,=BJ25+BK24-BK20,期末契約＝前月末＋新規－解約
電力コスト削減,BK5,=(BK11-BK20)*BK16*12,=BK25*BK16,月次売上＝期末契約社数×taXel月額500円(16行)
電力コスト削減,BK21,0.01,0.015,月次解約率：Y1-2 2.0%／Y3-4 1.75%／Y5 1.5%（B2B SaaSで現実的な1.5〜2.0%帯、年数とともに逓減）
電力コスト削減,BK17,=BK16*BK11,=BK16*BK25,紹介費用の受注数参照を期末契約社数（月次）に統一
電力コスト削減,BL11,=BL6*BL7*BL8*BL9*BL10,=PRODUCT(BL6:BL10),累計獲得数＝顧問先×各種率（PRODUCTで統一、解約は下のストック計算で控除）
電力コスト削減,BL24,,=BL11-BK11,新規受注＝累計獲得数の当月増分
電力コスト削減,BL20,=BL11*BL21,=BK25*BL21,解約＝前月末契約社数×月次解約率（ストック型）
電力コスト削減,BL25,,=BK25+BL24-BL20,期末契約＝前月末＋新規－解約
電力コスト削減,BL5,=(BL11-BL20)*BL16*12,=BL25*BL16,月次売上＝期末契約社数×taXel月額500円(16行)
電力コスト削減,BL21,0.01,0.015,月次解約率：Y1-2 2.0%／Y3-4 1.75%／Y5 1.5%（B2B SaaSで現実的な1.5〜2.0%帯、年数とともに逓減）
電力コスト削減,BL17,=BL16*BL11,=BL16*BL25,紹介費用の受注数参照を期末契約社数（月次）に統一
電力コスト削減,BM11,=BM6*BM7*BM8*BM9*BM10,=PRODUCT(BM6:BM10),累計獲得数＝顧問先×各種率（PRODUCTで統一、解約は下のストック計算で控除）
電力コスト削減,BM24,,=BM11-BL11,新規受注＝累計獲得数の当月増分
電力コスト削減,BM20,=BM11*BM21,=BL25*BM21,解約＝前月末契約社数×月次解約率（ストック型）
電力コスト削減,BM25,,=BL25+BM24-BM20,期末契約＝前月末＋新規－解約
電力コスト削減,BM5,=(BM11-BM20)*BM16*12,=BM25*BM16,月次売上＝期末契約社数×taXel月額500円(16行)
電力コスト削減,BM21,0.01,0.015,月次解約率：Y1-2 2.0%／Y3-4 1.75%／Y5 1.5%（B2B SaaSで現実的な1.5〜2.0%帯、年数とともに逓減）
電力コスト削減,BM17,=BM16*BM11,=BM16*BM25,紹介費用の受注数参照を期末契約社数（月次）に統一
電力コスト削減,BN5,=(BN11-BN20)*BN16*12,=SUM(F5:Q5),年間売上＝M1〜M12の月次売上の合計(SUM)
電力コスト削減,BN18,105,=Q18,年次列の税理士数を期末月にリンク（直値→参照）
電力コスト削減,BN11,=BN6*BN7*BN8*BN9*BN10,=PRODUCT(BN6:BN10),累計獲得数（期末）
電力コスト削減,BN24,,=SUM(F24:Q24),年間新規受注＝月次合計
電力コスト削減,BN25,,=Q25,期末契約社数＝期末月の値
電力コスト削減,BN21,0.01,=AVERAGE(F21:Q21),年次列の解約率＝月次解約率の年平均（旧：12%/1%の不揃いな表示値）
電力コスト削減,BN17,=BN16*BN11,=SUM(F17:Q17),年間紹介費用＝月次合計
電力コスト削減,BO5,=(BO11-BO20)*BO16*12,=SUM(R5:AC5),年間売上＝M1〜M12の月次売上の合計(SUM)
電力コスト削減,BO18,274,=AC18,年次列の税理士数を期末月にリンク（直値→参照）
電力コスト削減,BO11,=BO6*BO7*BO8*BO9*BO10,=PRODUCT(BO6:BO10),累計獲得数（期末）
電力コスト削減,BO24,,=SUM(R24:AC24),年間新規受注＝月次合計
電力コスト削減,BO25,,=AC25,期末契約社数＝期末月の値
電力コスト削減,BO21,0.01,=AVERAGE(R21:AC21),年次列の解約率＝月次解約率の年平均（旧：12%/1%の不揃いな表示値）
電力コスト削減,BO17,=BO16*BO11,=SUM(R17:AC17),年間紹介費用＝月次合計
電力コスト削減,BP5,=(BP11-BP20)*BP16*12,=SUM(AD5:AO5),年間売上＝M1〜M12の月次売上の合計(SUM)
電力コスト削減,BP18,506,=AO18,年次列の税理士数を期末月にリンク（直値→参照）
電力コスト削減,BP11,=BP6*BP7*BP8*BP9*BP10,=PRODUCT(BP6:BP10),累計獲得数（期末）
電力コスト削減,BP24,,=SUM(AD24:AO24),年間新規受注＝月次合計
電力コスト削減,BP25,,=AO25,期末契約社数＝期末月の値
電力コスト削減,BP21,0.01,=AVERAGE(AD21:AO21),年次列の解約率＝月次解約率の年平均（旧：12%/1%の不揃いな表示値）
電力コスト削減,BP17,=BP16*BP11,=SUM(AD17:AO17),年間紹介費用＝月次合計
電力コスト削減,BQ5,=(BQ11-BQ20)*BQ16*12,=SUM(AP5:BA5),年間売上＝M1〜M12の月次売上の合計(SUM)
電力コスト削減,BQ18,778,=BA18,年次列の税理士数を期末月にリンク（直値→参照）
電力コスト削減,BQ11,=BQ6*BQ7*BQ8*BQ9*BQ10,=PRODUCT(BQ6:BQ10),累計獲得数（期末）
電力コスト削減,BQ24,,=SUM(AP24:BA24),年間新規受注＝月次合計
電力コスト削減,BQ25,,=BA25,期末契約社数＝期末月の値
電力コスト削減,BQ21,0.01,=AVERAGE(AP21:BA21),年次列の解約率＝月次解約率の年平均（旧：12%/1%の不揃いな表示値）
電力コスト削減,BQ17,=BQ16*BQ11,=SUM(AP17:BA17),年間紹介費用＝月次合計
電力コスト削減,BR5,=(BR11-BR20)*BR16*12,=SUM(BB5:BM5),年間売上＝M1〜M12の月次売上の合計(SUM)
電力コスト削減,BR18,1138,=BM18,年次列の税理士数を期末月にリンク（直値→参照）
電力コスト削減,BR11,=BR6*BR7*BR8*BR9*BR10,=PRODUCT(BR6:BR10),累計獲得数（期末）
電力コスト削減,BR24,,=SUM(BB24:BM24),年間新規受注＝月次合計
電力コスト削減,BR25,,=BM25,期末契約社数＝期末月の値
電力コスト削減,BR21,0.01,=AVERAGE(BB21:BM21),年次列の解約率＝月次解約率の年平均（旧：12%/1%の不揃いな表示値）
電力コスト削減,BR17,=BR16*BR11,=SUM(BB17:BM17),年間紹介費用＝月次合計
売掛保証（保証型ファクタリング,C24,,新規受注数（当月）,追加行：累計獲得数の当月増分
売掛保証（保証型ファクタリング,D24,,＝当月の累計獲得数(11行)－前月の累計獲得数。税理士獲得ロジック(×35等)は別途検討中のため、既存ファネルを流用,説明
売掛保証（保証型ファクタリング,C25,,期末契約社数（ストック）,追加行：売上計算の基礎となる契約社数
売掛保証（保証型ファクタリング,D25,,＝前月末契約社数＋新規受注数－解約予想数。売上＝本行×単価,説明
売掛保証（保証型ファクタリング,C11,１税理士 / 受注数（定常）,１税理士 / 受注数（定常）（累計獲得数・解約前）,ストック化に伴い、本行は解約前の累計獲得数（ファネル）と定義
売掛保証（保証型ファクタリング,F11,=F6*F7*F8*F9*F10,=PRODUCT(F6:F10),累計獲得数＝顧問先×各種率（PRODUCTで統一、解約は下のストック計算で控除）
売掛保証（保証型ファクタリング,F24,,=F11,新規受注＝累計獲得数の当月増分
売掛保証（保証型ファクタリング,F20,=F11*F21,0,期初（前月契約なし）
売掛保証（保証型ファクタリング,F25,,=F24-F20,期末契約＝前月末＋新規－解約
売掛保証（保証型ファクタリング,F5,=(F11-F20)*F16*12,=F25*F16,"月次売上＝期末契約社数×taXel月額1,500円(16行)"
売掛保証（保証型ファクタリング,G11,=G6*G7*G8*G9*G10,=PRODUCT(G6:G10),累計獲得数＝顧問先×各種率（PRODUCTで統一、解約は下のストック計算で控除）
売掛保証（保証型ファクタリング,G24,,=G11-F11,新規受注＝累計獲得数の当月増分
売掛保証（保証型ファクタリング,G20,=G11*G21,=F25*G21,解約＝前月末契約社数×月次解約率（ストック型）
売掛保証（保証型ファクタリング,G25,,=F25+G24-G20,期末契約＝前月末＋新規－解約
売掛保証（保証型ファクタリング,G5,=(G11-G20)*G16*12,=G25*G16,"月次売上＝期末契約社数×taXel月額1,500円(16行)"
売掛保証（保証型ファクタリング,H11,=H6*H7*H8*H9*H10,=PRODUCT(H6:H10),累計獲得数＝顧問先×各種率（PRODUCTで統一、解約は下のストック計算で控除）
売掛保証（保証型ファクタリング,H24,,=H11-G11,新規受注＝累計獲得数の当月増分
売掛保証（保証型ファクタリング,H20,=H11*H21,=G25*H21,解約＝前月末契約社数×月次解約率（ストック型）
売掛保証（保証型ファクタリング,H25,,=G25+H24-H20,期末契約＝前月末＋新規－解約
売掛保証（保証型ファクタリング,H5,=(H11-H20)*H16*12,=H25*H16,"月次売上＝期末契約社数×taXel月額1,500円(16行)"
売掛保証（保証型ファクタリング,I11,=I6*I7*I8*I9*I10,=PRODUCT(I6:I10),累計獲得数＝顧問先×各種率（PRODUCTで統一、解約は下のストック計算で控除）
売掛保証（保証型ファクタリング,I24,,=I11-H11,新規受注＝累計獲得数の当月増分
売掛保証（保証型ファクタリング,I20,=I11*I21,=H25*I21,解約＝前月末契約社数×月次解約率（ストック型）
売掛保証（保証型ファクタリング,I25,,=H25+I24-I20,期末契約＝前月末＋新規－解約
売掛保証（保証型ファクタリング,I5,=(I11-I20)*I16*12,=I25*I16,"月次売上＝期末契約社数×taXel月額1,500円(16行)"
売掛保証（保証型ファクタリング,J11,=J6*J7*J8*J9*J10,=PRODUCT(J6:J10),累計獲得数＝顧問先×各種率（PRODUCTで統一、解約は下のストック計算で控除）
売掛保証（保証型ファクタリング,J24,,=J11-I11,新規受注＝累計獲得数の当月増分
売掛保証（保証型ファクタリング,J20,=J11*J21,=I25*J21,解約＝前月末契約社数×月次解約率（ストック型）
売掛保証（保証型ファクタリング,J25,,=I25+J24-J20,期末契約＝前月末＋新規－解約
売掛保証（保証型ファクタリング,J5,=(J11-J20)*J16*12,=J25*J16,"月次売上＝期末契約社数×taXel月額1,500円(16行)"
売掛保証（保証型ファクタリング,K11,=K6*K7*K8*K9*K10,=PRODUCT(K6:K10),累計獲得数＝顧問先×各種率（PRODUCTで統一、解約は下のストック計算で控除）
売掛保証（保証型ファクタリング,K24,,=K11-J11,新規受注＝累計獲得数の当月増分
売掛保証（保証型ファクタリング,K20,=K11*K21,=J25*K21,解約＝前月末契約社数×月次解約率（ストック型）
売掛保証（保証型ファクタリング,K25,,=J25+K24-K20,期末契約＝前月末＋新規－解約
売掛保証（保証型ファクタリング,K5,=(K11-K20)*K16*12,=K25*K16,"月次売上＝期末契約社数×taXel月額1,500円(16行)"
売掛保証（保証型ファクタリング,L11,=L6*L7*L8*L9*L10,=PRODUCT(L6:L10),累計獲得数＝顧問先×各種率（PRODUCTで統一、解約は下のストック計算で控除）
売掛保証（保証型ファクタリング,L24,,=L11-K11,新規受注＝累計獲得数の当月増分
売掛保証（保証型ファクタリング,L20,=L11*L21,=K25*L21,解約＝前月末契約社数×月次解約率（ストック型）
売掛保証（保証型ファクタリング,L25,,=K25+L24-L20,期末契約＝前月末＋新規－解約
売掛保証（保証型ファクタリング,L5,=(L11-L20)*L16*12,=L25*L16,"月次売上＝期末契約社数×taXel月額1,500円(16行)"
売掛保証（保証型ファクタリング,M11,=M6*M7*M8*M9*M10,=PRODUCT(M6:M10),累計獲得数＝顧問先×各種率（PRODUCTで統一、解約は下のストック計算で控除）
売掛保証（保証型ファクタリング,M24,,=M11-L11,新規受注＝累計獲得数の当月増分
売掛保証（保証型ファクタリング,M20,=M11*M21,=L25*M21,解約＝前月末契約社数×月次解約率（ストック型）
売掛保証（保証型ファクタリング,M25,,=L25+M24-M20,期末契約＝前月末＋新規－解約
売掛保証（保証型ファクタリング,M5,=(M11-M20)*M16*12,=M25*M16,"月次売上＝期末契約社数×taXel月額1,500円(16行)"
売掛保証（保証型ファクタリング,N11,=N6*N7*N8*N9*N10,=PRODUCT(N6:N10),累計獲得数＝顧問先×各種率（PRODUCTで統一、解約は下のストック計算で控除）
売掛保証（保証型ファクタリング,N24,,=N11-M11,新規受注＝累計獲得数の当月増分
売掛保証（保証型ファクタリング,N20,=N11*N21,=M25*N21,解約＝前月末契約社数×月次解約率（ストック型）
売掛保証（保証型ファクタリング,N25,,=M25+N24-N20,期末契約＝前月末＋新規－解約
売掛保証（保証型ファクタリング,N5,=(N11-N20)*N16*12,=N25*N16,"月次売上＝期末契約社数×taXel月額1,500円(16行)"
売掛保証（保証型ファクタリング,O11,=O6*O7*O8*O9*O10,=PRODUCT(O6:O10),累計獲得数＝顧問先×各種率（PRODUCTで統一、解約は下のストック計算で控除）
売掛保証（保証型ファクタリング,O24,,=O11-N11,新規受注＝累計獲得数の当月増分
売掛保証（保証型ファクタリング,O20,=O11*O21,=N25*O21,解約＝前月末契約社数×月次解約率（ストック型）
売掛保証（保証型ファクタリング,O25,,=N25+O24-O20,期末契約＝前月末＋新規－解約
売掛保証（保証型ファクタリング,O5,=(O11-O20)*O16*12,=O25*O16,"月次売上＝期末契約社数×taXel月額1,500円(16行)"
売掛保証（保証型ファクタリング,P11,=P6*P7*P8*P9*P10,=PRODUCT(P6:P10),累計獲得数＝顧問先×各種率（PRODUCTで統一、解約は下のストック計算で控除）
売掛保証（保証型ファクタリング,P24,,=P11-O11,新規受注＝累計獲得数の当月増分
売掛保証（保証型ファクタリング,P20,=P11*P21,=O25*P21,解約＝前月末契約社数×月次解約率（ストック型）
売掛保証（保証型ファクタリング,P25,,=O25+P24-P20,期末契約＝前月末＋新規－解約
売掛保証（保証型ファクタリング,P5,=(P11-P20)*P16*12,=P25*P16,"月次売上＝期末契約社数×taXel月額1,500円(16行)"
売掛保証（保証型ファクタリング,Q11,=Q6*Q7*Q8*Q9*Q10,=PRODUCT(Q6:Q10),累計獲得数＝顧問先×各種率（PRODUCTで統一、解約は下のストック計算で控除）
売掛保証（保証型ファクタリング,Q24,,=Q11-P11,新規受注＝累計獲得数の当月増分
売掛保証（保証型ファクタリング,Q20,=Q11*Q21,=P25*Q21,解約＝前月末契約社数×月次解約率（ストック型）
売掛保証（保証型ファクタリング,Q25,,=P25+Q24-Q20,期末契約＝前月末＋新規－解約
売掛保証（保証型ファクタリング,Q5,=(Q11-Q20)*Q16*12,=Q25*Q16,"月次売上＝期末契約社数×taXel月額1,500円(16行)"
売掛保証（保証型ファクタリング,R11,=R6*R7*R8*R9*R10,=PRODUCT(R6:R10),累計獲得数＝顧問先×各種率（PRODUCTで統一、解約は下のストック計算で控除）
売掛保証（保証型ファクタリング,R24,,=R11-Q11,新規受注＝累計獲得数の当月増分
売掛保証（保証型ファクタリング,R20,=R11*R21,=Q25*R21,解約＝前月末契約社数×月次解約率（ストック型）
売掛保証（保証型ファクタリング,R25,,=Q25+R24-R20,期末契約＝前月末＋新規－解約
売掛保証（保証型ファクタリング,R5,=(R11-R20)*R16*12,=R25*R16,"月次売上＝期末契約社数×taXel月額1,500円(16行)"
売掛保証（保証型ファクタリング,R17,=R16*R11,=R16*R25,紹介費用の受注数参照を期末契約社数（月次）に統一
売掛保証（保証型ファクタリング,S11,=S6*S7*S8*S9*S10,=PRODUCT(S6:S10),累計獲得数＝顧問先×各種率（PRODUCTで統一、解約は下のストック計算で控除）
売掛保証（保証型ファクタリング,S24,,=S11-R11,新規受注＝累計獲得数の当月増分
売掛保証（保証型ファクタリング,S20,=S11*S21,=R25*S21,解約＝前月末契約社数×月次解約率（ストック型）
売掛保証（保証型ファクタリング,S25,,=R25+S24-S20,期末契約＝前月末＋新規－解約
売掛保証（保証型ファクタリング,S5,=(S11-S20)*S16*12,=S25*S16,"月次売上＝期末契約社数×taXel月額1,500円(16行)"
売掛保証（保証型ファクタリング,S17,=S16*S11,=S16*S25,紹介費用の受注数参照を期末契約社数（月次）に統一
売掛保証（保証型ファクタリング,T11,=T6*T7*T8*T9*T10,=PRODUCT(T6:T10),累計獲得数＝顧問先×各種率（PRODUCTで統一、解約は下のストック計算で控除）
売掛保証（保証型ファクタリング,T24,,=T11-S11,新規受注＝累計獲得数の当月増分
売掛保証（保証型ファクタリング,T20,=T11*T21,=S25*T21,解約＝前月末契約社数×月次解約率（ストック型）
売掛保証（保証型ファクタリング,T25,,=S25+T24-T20,期末契約＝前月末＋新規－解約
売掛保証（保証型ファクタリング,T5,=(T11-T20)*T16*12,=T25*T16,"月次売上＝期末契約社数×taXel月額1,500円(16行)"
売掛保証（保証型ファクタリング,T17,=T16*T11,=T16*T25,紹介費用の受注数参照を期末契約社数（月次）に統一
売掛保証（保証型ファクタリング,U11,=U6*U7*U8*U9*U10,=PRODUCT(U6:U10),累計獲得数＝顧問先×各種率（PRODUCTで統一、解約は下のストック計算で控除）
売掛保証（保証型ファクタリング,U24,,=U11-T11,新規受注＝累計獲得数の当月増分
売掛保証（保証型ファクタリング,U20,=U11*U21,=T25*U21,解約＝前月末契約社数×月次解約率（ストック型）
売掛保証（保証型ファクタリング,U25,,=T25+U24-U20,期末契約＝前月末＋新規－解約
売掛保証（保証型ファクタリング,U5,=(U11-U20)*U16*12,=U25*U16,"月次売上＝期末契約社数×taXel月額1,500円(16行)"
売掛保証（保証型ファクタリング,U17,=U16*U11,=U16*U25,紹介費用の受注数参照を期末契約社数（月次）に統一
売掛保証（保証型ファクタリング,V11,=V6*V7*V8*V9*V10,=PRODUCT(V6:V10),累計獲得数＝顧問先×各種率（PRODUCTで統一、解約は下のストック計算で控除）
売掛保証（保証型ファクタリング,V24,,=V11-U11,新規受注＝累計獲得数の当月増分
売掛保証（保証型ファクタリング,V20,=V11*V21,=U25*V21,解約＝前月末契約社数×月次解約率（ストック型）
売掛保証（保証型ファクタリング,V25,,=U25+V24-V20,期末契約＝前月末＋新規－解約
売掛保証（保証型ファクタリング,V5,=(V11-V20)*V16*12,=V25*V16,"月次売上＝期末契約社数×taXel月額1,500円(16行)"
売掛保証（保証型ファクタリング,V17,=V16*V11,=V16*V25,紹介費用の受注数参照を期末契約社数（月次）に統一
売掛保証（保証型ファクタリング,W11,=W6*W7*W8*W9*W10,=PRODUCT(W6:W10),累計獲得数＝顧問先×各種率（PRODUCTで統一、解約は下のストック計算で控除）
売掛保証（保証型ファクタリング,W24,,=W11-V11,新規受注＝累計獲得数の当月増分
売掛保証（保証型ファクタリング,W20,=W11*W21,=V25*W21,解約＝前月末契約社数×月次解約率（ストック型）
売掛保証（保証型ファクタリング,W25,,=V25+W24-W20,期末契約＝前月末＋新規－解約
売掛保証（保証型ファクタリング,W5,=(W11-W20)*W16*12,=W25*W16,"月次売上＝期末契約社数×taXel月額1,500円(16行)"
売掛保証（保証型ファクタリング,W17,=W16*W11,=W16*W25,紹介費用の受注数参照を期末契約社数（月次）に統一
売掛保証（保証型ファクタリング,X11,=X6*X7*X8*X9*X10,=PRODUCT(X6:X10),累計獲得数＝顧問先×各種率（PRODUCTで統一、解約は下のストック計算で控除）
売掛保証（保証型ファクタリング,X24,,=X11-W11,新規受注＝累計獲得数の当月増分
売掛保証（保証型ファクタリング,X20,=X11*X21,=W25*X21,解約＝前月末契約社数×月次解約率（ストック型）
売掛保証（保証型ファクタリング,X25,,=W25+X24-X20,期末契約＝前月末＋新規－解約
売掛保証（保証型ファクタリング,X5,=(X11-X20)*X16*12,=X25*X16,"月次売上＝期末契約社数×taXel月額1,500円(16行)"
売掛保証（保証型ファクタリング,X17,=X16*X11,=X16*X25,紹介費用の受注数参照を期末契約社数（月次）に統一
売掛保証（保証型ファクタリング,Y11,=Y6*Y7*Y8*Y9*Y10,=PRODUCT(Y6:Y10),累計獲得数＝顧問先×各種率（PRODUCTで統一、解約は下のストック計算で控除）
売掛保証（保証型ファクタリング,Y24,,=Y11-X11,新規受注＝累計獲得数の当月増分
売掛保証（保証型ファクタリング,Y20,=Y11*Y21,=X25*Y21,解約＝前月末契約社数×月次解約率（ストック型）
売掛保証（保証型ファクタリング,Y25,,=X25+Y24-Y20,期末契約＝前月末＋新規－解約
売掛保証（保証型ファクタリング,Y5,=(Y11-Y20)*Y16*12,=Y25*Y16,"月次売上＝期末契約社数×taXel月額1,500円(16行)"
売掛保証（保証型ファクタリング,Y17,=Y16*Y11,=Y16*Y25,紹介費用の受注数参照を期末契約社数（月次）に統一
売掛保証（保証型ファクタリング,Z11,=Z6*Z7*Z8*Z9*Z10,=PRODUCT(Z6:Z10),累計獲得数＝顧問先×各種率（PRODUCTで統一、解約は下のストック計算で控除）
売掛保証（保証型ファクタリング,Z24,,=Z11-Y11,新規受注＝累計獲得数の当月増分
売掛保証（保証型ファクタリング,Z20,=Z11*Z21,=Y25*Z21,解約＝前月末契約社数×月次解約率（ストック型）
売掛保証（保証型ファクタリング,Z25,,=Y25+Z24-Z20,期末契約＝前月末＋新規－解約
売掛保証（保証型ファクタリング,Z5,=(Z11-Z20)*Z16*12,=Z25*Z16,"月次売上＝期末契約社数×taXel月額1,500円(16行)"
売掛保証（保証型ファクタリング,Z17,=Z16*Z11,=Z16*Z25,紹介費用の受注数参照を期末契約社数（月次）に統一
売掛保証（保証型ファクタリング,AA11,=AA6*AA7*AA8*AA9*AA10,=PRODUCT(AA6:AA10),累計獲得数＝顧問先×各種率（PRODUCTで統一、解約は下のストック計算で控除）
売掛保証（保証型ファクタリング,AA24,,=AA11-Z11,新規受注＝累計獲得数の当月増分
売掛保証（保証型ファクタリング,AA20,=AA11*AA21,=Z25*AA21,解約＝前月末契約社数×月次解約率（ストック型）
売掛保証（保証型ファクタリング,AA25,,=Z25+AA24-AA20,期末契約＝前月末＋新規－解約
売掛保証（保証型ファクタリング,AA5,=(AA11-AA20)*AA16*12,=AA25*AA16,"月次売上＝期末契約社数×taXel月額1,500円(16行)"
売掛保証（保証型ファクタリング,AA17,=AA16*AA11,=AA16*AA25,紹介費用の受注数参照を期末契約社数（月次）に統一
売掛保証（保証型ファクタリング,AB11,=AB6*AB7*AB8*AB9*AB10,=PRODUCT(AB6:AB10),累計獲得数＝顧問先×各種率（PRODUCTで統一、解約は下のストック計算で控除）
売掛保証（保証型ファクタリング,AB24,,=AB11-AA11,新規受注＝累計獲得数の当月増分
売掛保証（保証型ファクタリング,AB20,=AB11*AB21,=AA25*AB21,解約＝前月末契約社数×月次解約率（ストック型）
売掛保証（保証型ファクタリング,AB25,,=AA25+AB24-AB20,期末契約＝前月末＋新規－解約
売掛保証（保証型ファクタリング,AB5,=(AB11-AB20)*AB16*12,=AB25*AB16,"月次売上＝期末契約社数×taXel月額1,500円(16行)"
売掛保証（保証型ファクタリング,AB17,=AB16*AB11,=AB16*AB25,紹介費用の受注数参照を期末契約社数（月次）に統一
売掛保証（保証型ファクタリング,AC11,=AC6*AC7*AC8*AC9*AC10,=PRODUCT(AC6:AC10),累計獲得数＝顧問先×各種率（PRODUCTで統一、解約は下のストック計算で控除）
売掛保証（保証型ファクタリング,AC24,,=AC11-AB11,新規受注＝累計獲得数の当月増分
売掛保証（保証型ファクタリング,AC20,=AC11*AC21,=AB25*AC21,解約＝前月末契約社数×月次解約率（ストック型）
売掛保証（保証型ファクタリング,AC25,,=AB25+AC24-AC20,期末契約＝前月末＋新規－解約
売掛保証（保証型ファクタリング,AC5,=(AC11-AC20)*AC16*12,=AC25*AC16,"月次売上＝期末契約社数×taXel月額1,500円(16行)"
売掛保証（保証型ファクタリング,AC17,=AC16*AC11,=AC16*AC25,紹介費用の受注数参照を期末契約社数（月次）に統一
売掛保証（保証型ファクタリング,AD11,=AD6*AD7*AD8*AD9*AD10,=PRODUCT(AD6:AD10),累計獲得数＝顧問先×各種率（PRODUCTで統一、解約は下のストック計算で控除）
売掛保証（保証型ファクタリング,AD24,,=AD11-AC11,新規受注＝累計獲得数の当月増分
売掛保証（保証型ファクタリング,AD20,=AD11*AD21,=AC25*AD21,解約＝前月末契約社数×月次解約率（ストック型）
売掛保証（保証型ファクタリング,AD25,,=AC25+AD24-AD20,期末契約＝前月末＋新規－解約
売掛保証（保証型ファクタリング,AD5,=(AD11-AD20)*AD16*12,=AD25*AD16,"月次売上＝期末契約社数×taXel月額1,500円(16行)"
売掛保証（保証型ファクタリング,AD21,0.015,0.0175,月次解約率：Y1-2 2.0%／Y3-4 1.75%／Y5 1.5%（B2B SaaSで現実的な1.5〜2.0%帯、年数とともに逓減）
売掛保証（保証型ファクタリング,AD17,=AD16*AD11,=AD16*AD25,紹介費用の受注数参照を期末契約社数（月次）に統一
売掛保証（保証型ファクタリング,AE11,=AE6*AE7*AE8*AE9*AE10,=PRODUCT(AE6:AE10),累計獲得数＝顧問先×各種率（PRODUCTで統一、解約は下のストック計算で控除）
売掛保証（保証型ファクタリング,AE24,,=AE11-AD11,新規受注＝累計獲得数の当月増分
売掛保証（保証型ファクタリング,AE20,=AE11*AE21,=AD25*AE21,解約＝前月末契約社数×月次解約率（ストック型）
売掛保証（保証型ファクタリング,AE25,,=AD25+AE24-AE20,期末契約＝前月末＋新規－解約
売掛保証（保証型ファクタリング,AE5,=(AE11-AE20)*AE16*12,=AE25*AE16,"月次売上＝期末契約社数×taXel月額1,500円(16行)"
売掛保証（保証型ファクタリング,AE21,0.015,0.0175,月次解約率：Y1-2 2.0%／Y3-4 1.75%／Y5 1.5%（B2B SaaSで現実的な1.5〜2.0%帯、年数とともに逓減）
売掛保証（保証型ファクタリング,AE17,=AE16*AE11,=AE16*AE25,紹介費用の受注数参照を期末契約社数（月次）に統一
売掛保証（保証型ファクタリング,AF11,=AF6*AF7*AF8*AF9*AF10,=PRODUCT(AF6:AF10),累計獲得数＝顧問先×各種率（PRODUCTで統一、解約は下のストック計算で控除）
売掛保証（保証型ファクタリング,AF24,,=AF11-AE11,新規受注＝累計獲得数の当月増分
売掛保証（保証型ファクタリング,AF20,=AF11*AF21,=AE25*AF21,解約＝前月末契約社数×月次解約率（ストック型）
売掛保証（保証型ファクタリング,AF25,,=AE25+AF24-AF20,期末契約＝前月末＋新規－解約
売掛保証（保証型ファクタリング,AF5,=(AF11-AF20)*AF16*12,=AF25*AF16,"月次売上＝期末契約社数×taXel月額1,500円(16行)"
売掛保証（保証型ファクタリング,AF21,0.015,0.0175,月次解約率：Y1-2 2.0%／Y3-4 1.75%／Y5 1.5%（B2B SaaSで現実的な1.5〜2.0%帯、年数とともに逓減）
売掛保証（保証型ファクタリング,AF17,=AF16*AF11,=AF16*AF25,紹介費用の受注数参照を期末契約社数（月次）に統一
売掛保証（保証型ファクタリング,AG11,=AG6*AG7*AG8*AG9*AG10,=PRODUCT(AG6:AG10),累計獲得数＝顧問先×各種率（PRODUCTで統一、解約は下のストック計算で控除）
売掛保証（保証型ファクタリング,AG24,,=AG11-AF11,新規受注＝累計獲得数の当月増分
売掛保証（保証型ファクタリング,AG20,=AG11*AG21,=AF25*AG21,解約＝前月末契約社数×月次解約率（ストック型）
売掛保証（保証型ファクタリング,AG25,,=AF25+AG24-AG20,期末契約＝前月末＋新規－解約
売掛保証（保証型ファクタリング,AG5,=(AG11-AG20)*AG16*12,=AG25*AG16,"月次売上＝期末契約社数×taXel月額1,500円(16行)"
売掛保証（保証型ファクタリング,AG21,0.015,0.0175,月次解約率：Y1-2 2.0%／Y3-4 1.75%／Y5 1.5%（B2B SaaSで現実的な1.5〜2.0%帯、年数とともに逓減）
売掛保証（保証型ファクタリング,AG17,=AG16*AG11,=AG16*AG25,紹介費用の受注数参照を期末契約社数（月次）に統一
売掛保証（保証型ファクタリング,AH11,=AH6*AH7*AH8*AH9*AH10,=PRODUCT(AH6:AH10),累計獲得数＝顧問先×各種率（PRODUCTで統一、解約は下のストック計算で控除）
売掛保証（保証型ファクタリング,AH24,,=AH11-AG11,新規受注＝累計獲得数の当月増分
売掛保証（保証型ファクタリング,AH20,=AH11*AH21,=AG25*AH21,解約＝前月末契約社数×月次解約率（ストック型）
売掛保証（保証型ファクタリング,AH25,,=AG25+AH24-AH20,期末契約＝前月末＋新規－解約
売掛保証（保証型ファクタリング,AH5,=(AH11-AH20)*AH16*12,=AH25*AH16,"月次売上＝期末契約社数×taXel月額1,500円(16行)"
売掛保証（保証型ファクタリング,AH21,0.015,0.0175,月次解約率：Y1-2 2.0%／Y3-4 1.75%／Y5 1.5%（B2B SaaSで現実的な1.5〜2.0%帯、年数とともに逓減）
売掛保証（保証型ファクタリング,AH17,=AH16*AH11,=AH16*AH25,紹介費用の受注数参照を期末契約社数（月次）に統一
売掛保証（保証型ファクタリング,AI11,=AI6*AI7*AI8*AI9*AI10,=PRODUCT(AI6:AI10),累計獲得数＝顧問先×各種率（PRODUCTで統一、解約は下のストック計算で控除）
売掛保証（保証型ファクタリング,AI24,,=AI11-AH11,新規受注＝累計獲得数の当月増分
売掛保証（保証型ファクタリング,AI20,=AI11*AI21,=AH25*AI21,解約＝前月末契約社数×月次解約率（ストック型）
売掛保証（保証型ファクタリング,AI25,,=AH25+AI24-AI20,期末契約＝前月末＋新規－解約
売掛保証（保証型ファクタリング,AI5,=(AI11-AI20)*AI16*12,=AI25*AI16,"月次売上＝期末契約社数×taXel月額1,500円(16行)"
売掛保証（保証型ファクタリング,AI21,0.015,0.0175,月次解約率：Y1-2 2.0%／Y3-4 1.75%／Y5 1.5%（B2B SaaSで現実的な1.5〜2.0%帯、年数とともに逓減）
売掛保証（保証型ファクタリング,AI17,=AI16*AI11,=AI16*AI25,紹介費用の受注数参照を期末契約社数（月次）に統一
売掛保証（保証型ファクタリング,AJ11,=AJ6*AJ7*AJ8*AJ9*AJ10,=PRODUCT(AJ6:AJ10),累計獲得数＝顧問先×各種率（PRODUCTで統一、解約は下のストック計算で控除）
売掛保証（保証型ファクタリング,AJ24,,=AJ11-AI11,新規受注＝累計獲得数の当月増分
売掛保証（保証型ファクタリング,AJ20,=AJ11*AJ21,=AI25*AJ21,解約＝前月末契約社数×月次解約率（ストック型）
売掛保証（保証型ファクタリング,AJ25,,=AI25+AJ24-AJ20,期末契約＝前月末＋新規－解約
売掛保証（保証型ファクタリング,AJ5,=(AJ11-AJ20)*AJ16*12,=AJ25*AJ16,"月次売上＝期末契約社数×taXel月額1,500円(16行)"
売掛保証（保証型ファクタリング,AJ21,0.015,0.0175,月次解約率：Y1-2 2.0%／Y3-4 1.75%／Y5 1.5%（B2B SaaSで現実的な1.5〜2.0%帯、年数とともに逓減）
売掛保証（保証型ファクタリング,AJ17,=AJ16*AJ11,=AJ16*AJ25,紹介費用の受注数参照を期末契約社数（月次）に統一
売掛保証（保証型ファクタリング,AK11,=AK6*AK7*AK8*AK9*AK10,=PRODUCT(AK6:AK10),累計獲得数＝顧問先×各種率（PRODUCTで統一、解約は下のストック計算で控除）
売掛保証（保証型ファクタリング,AK24,,=AK11-AJ11,新規受注＝累計獲得数の当月増分
売掛保証（保証型ファクタリング,AK20,=AK11*AK21,=AJ25*AK21,解約＝前月末契約社数×月次解約率（ストック型）
売掛保証（保証型ファクタリング,AK25,,=AJ25+AK24-AK20,期末契約＝前月末＋新規－解約
売掛保証（保証型ファクタリング,AK5,=(AK11-AK20)*AK16*12,=AK25*AK16,"月次売上＝期末契約社数×taXel月額1,500円(16行)"
売掛保証（保証型ファクタリング,AK21,0.015,0.0175,月次解約率：Y1-2 2.0%／Y3-4 1.75%／Y5 1.5%（B2B SaaSで現実的な1.5〜2.0%帯、年数とともに逓減）
売掛保証（保証型ファクタリング,AK17,=AK16*AK11,=AK16*AK25,紹介費用の受注数参照を期末契約社数（月次）に統一
売掛保証（保証型ファクタリング,AL11,=AL6*AL7*AL8*AL9*AL10,=PRODUCT(AL6:AL10),累計獲得数＝顧問先×各種率（PRODUCTで統一、解約は下のストック計算で控除）
売掛保証（保証型ファクタリング,AL24,,=AL11-AK11,新規受注＝累計獲得数の当月増分
売掛保証（保証型ファクタリング,AL20,=AL11*AL21,=AK25*AL21,解約＝前月末契約社数×月次解約率（ストック型）
売掛保証（保証型ファクタリング,AL25,,=AK25+AL24-AL20,期末契約＝前月末＋新規－解約
売掛保証（保証型ファクタリング,AL5,=(AL11-AL20)*AL16*12,=AL25*AL16,"月次売上＝期末契約社数×taXel月額1,500円(16行)"
売掛保証（保証型ファクタリング,AL21,0.015,0.0175,月次解約率：Y1-2 2.0%／Y3-4 1.75%／Y5 1.5%（B2B SaaSで現実的な1.5〜2.0%帯、年数とともに逓減）
売掛保証（保証型ファクタリング,AL17,=AL16*AL11,=AL16*AL25,紹介費用の受注数参照を期末契約社数（月次）に統一
売掛保証（保証型ファクタリング,AM11,=AM6*AM7*AM8*AM9*AM10,=PRODUCT(AM6:AM10),累計獲得数＝顧問先×各種率（PRODUCTで統一、解約は下のストック計算で控除）
売掛保証（保証型ファクタリング,AM24,,=AM11-AL11,新規受注＝累計獲得数の当月増分
売掛保証（保証型ファクタリング,AM20,=AM11*AM21,=AL25*AM21,解約＝前月末契約社数×月次解約率（ストック型）
売掛保証（保証型ファクタリング,AM25,,=AL25+AM24-AM20,期末契約＝前月末＋新規－解約
売掛保証（保証型ファクタリング,AM5,=(AM11-AM20)*AM16*12,=AM25*AM16,"月次売上＝期末契約社数×taXel月額1,500円(16行)"
売掛保証（保証型ファクタリング,AM21,0.015,0.0175,月次解約率：Y1-2 2.0%／Y3-4 1.75%／Y5 1.5%（B2B SaaSで現実的な1.5〜2.0%帯、年数とともに逓減）
売掛保証（保証型ファクタリング,AM17,=AM16*AM11,=AM16*AM25,紹介費用の受注数参照を期末契約社数（月次）に統一
売掛保証（保証型ファクタリング,AN11,=AN6*AN7*AN8*AN9*AN10,=PRODUCT(AN6:AN10),累計獲得数＝顧問先×各種率（PRODUCTで統一、解約は下のストック計算で控除）
売掛保証（保証型ファクタリング,AN24,,=AN11-AM11,新規受注＝累計獲得数の当月増分
売掛保証（保証型ファクタリング,AN20,=AN11*AN21,=AM25*AN21,解約＝前月末契約社数×月次解約率（ストック型）
売掛保証（保証型ファクタリング,AN25,,=AM25+AN24-AN20,期末契約＝前月末＋新規－解約
売掛保証（保証型ファクタリング,AN5,=(AN11-AN20)*AN16*12,=AN25*AN16,"月次売上＝期末契約社数×taXel月額1,500円(16行)"
売掛保証（保証型ファクタリング,AN21,0.015,0.0175,月次解約率：Y1-2 2.0%／Y3-4 1.75%／Y5 1.5%（B2B SaaSで現実的な1.5〜2.0%帯、年数とともに逓減）
売掛保証（保証型ファクタリング,AN17,=AN16*AN11,=AN16*AN25,紹介費用の受注数参照を期末契約社数（月次）に統一
売掛保証（保証型ファクタリング,AO11,=AO6*AO7*AO8*AO9*AO10,=PRODUCT(AO6:AO10),累計獲得数＝顧問先×各種率（PRODUCTで統一、解約は下のストック計算で控除）
売掛保証（保証型ファクタリング,AO24,,=AO11-AN11,新規受注＝累計獲得数の当月増分
売掛保証（保証型ファクタリング,AO20,=AO11*AO21,=AN25*AO21,解約＝前月末契約社数×月次解約率（ストック型）
売掛保証（保証型ファクタリング,AO25,,=AN25+AO24-AO20,期末契約＝前月末＋新規－解約
売掛保証（保証型ファクタリング,AO5,=(AO11-AO20)*AO16*12,=AO25*AO16,"月次売上＝期末契約社数×taXel月額1,500円(16行)"
売掛保証（保証型ファクタリング,AO21,0.015,0.0175,月次解約率：Y1-2 2.0%／Y3-4 1.75%／Y5 1.5%（B2B SaaSで現実的な1.5〜2.0%帯、年数とともに逓減）
売掛保証（保証型ファクタリング,AO17,=AO16*AO11,=AO16*AO25,紹介費用の受注数参照を期末契約社数（月次）に統一
売掛保証（保証型ファクタリング,AP11,=AP6*AP7*AP8*AP9*AP10,=PRODUCT(AP6:AP10),累計獲得数＝顧問先×各種率（PRODUCTで統一、解約は下のストック計算で控除）
売掛保証（保証型ファクタリング,AP24,,=AP11-AO11,新規受注＝累計獲得数の当月増分
売掛保証（保証型ファクタリング,AP20,=AP11*AP21,=AO25*AP21,解約＝前月末契約社数×月次解約率（ストック型）
売掛保証（保証型ファクタリング,AP25,,=AO25+AP24-AP20,期末契約＝前月末＋新規－解約
売掛保証（保証型ファクタリング,AP5,=(AP11-AP20)*AP16*12,=AP25*AP16,"月次売上＝期末契約社数×taXel月額1,500円(16行)"
売掛保証（保証型ファクタリング,AP21,0.015,0.0175,月次解約率：Y1-2 2.0%／Y3-4 1.75%／Y5 1.5%（B2B SaaSで現実的な1.5〜2.0%帯、年数とともに逓減）
売掛保証（保証型ファクタリング,AP17,=AP16*AP11,=AP16*AP25,紹介費用の受注数参照を期末契約社数（月次）に統一
売掛保証（保証型ファクタリング,AQ11,=AQ6*AQ7*AQ8*AQ9*AQ10,=PRODUCT(AQ6:AQ10),累計獲得数＝顧問先×各種率（PRODUCTで統一、解約は下のストック計算で控除）
売掛保証（保証型ファクタリング,AQ24,,=AQ11-AP11,新規受注＝累計獲得数の当月増分
売掛保証（保証型ファクタリング,AQ20,=AQ11*AQ21,=AP25*AQ21,解約＝前月末契約社数×月次解約率（ストック型）
売掛保証（保証型ファクタリング,AQ25,,=AP25+AQ24-AQ20,期末契約＝前月末＋新規－解約
売掛保証（保証型ファクタリング,AQ5,=(AQ11-AQ20)*AQ16*12,=AQ25*AQ16,"月次売上＝期末契約社数×taXel月額1,500円(16行)"
売掛保証（保証型ファクタリング,AQ21,0.015,0.0175,月次解約率：Y1-2 2.0%／Y3-4 1.75%／Y5 1.5%（B2B SaaSで現実的な1.5〜2.0%帯、年数とともに逓減）
売掛保証（保証型ファクタリング,AQ17,=AQ16*AQ11,=AQ16*AQ25,紹介費用の受注数参照を期末契約社数（月次）に統一
売掛保証（保証型ファクタリング,AR11,=AR6*AR7*AR8*AR9*AR10,=PRODUCT(AR6:AR10),累計獲得数＝顧問先×各種率（PRODUCTで統一、解約は下のストック計算で控除）
売掛保証（保証型ファクタリング,AR24,,=AR11-AQ11,新規受注＝累計獲得数の当月増分
売掛保証（保証型ファクタリング,AR20,=AR11*AR21,=AQ25*AR21,解約＝前月末契約社数×月次解約率（ストック型）
売掛保証（保証型ファクタリング,AR25,,=AQ25+AR24-AR20,期末契約＝前月末＋新規－解約
売掛保証（保証型ファクタリング,AR5,=(AR11-AR20)*AR16*12,=AR25*AR16,"月次売上＝期末契約社数×taXel月額1,500円(16行)"
売掛保証（保証型ファクタリング,AR21,0.015,0.0175,月次解約率：Y1-2 2.0%／Y3-4 1.75%／Y5 1.5%（B2B SaaSで現実的な1.5〜2.0%帯、年数とともに逓減）
売掛保証（保証型ファクタリング,AR17,=AR16*AR11,=AR16*AR25,紹介費用の受注数参照を期末契約社数（月次）に統一
売掛保証（保証型ファクタリング,AS11,=AS6*AS7*AS8*AS9*AS10,=PRODUCT(AS6:AS10),累計獲得数＝顧問先×各種率（PRODUCTで統一、解約は下のストック計算で控除）
売掛保証（保証型ファクタリング,AS24,,=AS11-AR11,新規受注＝累計獲得数の当月増分
売掛保証（保証型ファクタリング,AS20,=AS11*AS21,=AR25*AS21,解約＝前月末契約社数×月次解約率（ストック型）
売掛保証（保証型ファクタリング,AS25,,=AR25+AS24-AS20,期末契約＝前月末＋新規－解約
売掛保証（保証型ファクタリング,AS5,=(AS11-AS20)*AS16*12,=AS25*AS16,"月次売上＝期末契約社数×taXel月額1,500円(16行)"
売掛保証（保証型ファクタリング,AS21,0.015,0.0175,月次解約率：Y1-2 2.0%／Y3-4 1.75%／Y5 1.5%（B2B SaaSで現実的な1.5〜2.0%帯、年数とともに逓減）
売掛保証（保証型ファクタリング,AS17,=AS16*AS11,=AS16*AS25,紹介費用の受注数参照を期末契約社数（月次）に統一
売掛保証（保証型ファクタリング,AT11,=AT6*AT7*AT8*AT9*AT10,=PRODUCT(AT6:AT10),累計獲得数＝顧問先×各種率（PRODUCTで統一、解約は下のストック計算で控除）
売掛保証（保証型ファクタリング,AT24,,=AT11-AS11,新規受注＝累計獲得数の当月増分
売掛保証（保証型ファクタリング,AT20,=AT11*AT21,=AS25*AT21,解約＝前月末契約社数×月次解約率（ストック型）
売掛保証（保証型ファクタリング,AT25,,=AS25+AT24-AT20,期末契約＝前月末＋新規－解約
売掛保証（保証型ファクタリング,AT5,=(AT11-AT20)*AT16*12,=AT25*AT16,"月次売上＝期末契約社数×taXel月額1,500円(16行)"
売掛保証（保証型ファクタリング,AT21,0.015,0.0175,月次解約率：Y1-2 2.0%／Y3-4 1.75%／Y5 1.5%（B2B SaaSで現実的な1.5〜2.0%帯、年数とともに逓減）
売掛保証（保証型ファクタリング,AT17,=AT16*AT11,=AT16*AT25,紹介費用の受注数参照を期末契約社数（月次）に統一
売掛保証（保証型ファクタリング,AU11,=AU6*AU7*AU8*AU9*AU10,=PRODUCT(AU6:AU10),累計獲得数＝顧問先×各種率（PRODUCTで統一、解約は下のストック計算で控除）
売掛保証（保証型ファクタリング,AU24,,=AU11-AT11,新規受注＝累計獲得数の当月増分
売掛保証（保証型ファクタリング,AU20,=AU11*AU21,=AT25*AU21,解約＝前月末契約社数×月次解約率（ストック型）
売掛保証（保証型ファクタリング,AU25,,=AT25+AU24-AU20,期末契約＝前月末＋新規－解約
売掛保証（保証型ファクタリング,AU5,=(AU11-AU20)*AU16*12,=AU25*AU16,"月次売上＝期末契約社数×taXel月額1,500円(16行)"
売掛保証（保証型ファクタリング,AU21,0.015,0.0175,月次解約率：Y1-2 2.0%／Y3-4 1.75%／Y5 1.5%（B2B SaaSで現実的な1.5〜2.0%帯、年数とともに逓減）
売掛保証（保証型ファクタリング,AU17,=AU16*AU11,=AU16*AU25,紹介費用の受注数参照を期末契約社数（月次）に統一
売掛保証（保証型ファクタリング,AV11,=AV6*AV7*AV8*AV9*AV10,=PRODUCT(AV6:AV10),累計獲得数＝顧問先×各種率（PRODUCTで統一、解約は下のストック計算で控除）
売掛保証（保証型ファクタリング,AV24,,=AV11-AU11,新規受注＝累計獲得数の当月増分
売掛保証（保証型ファクタリング,AV20,=AV11*AV21,=AU25*AV21,解約＝前月末契約社数×月次解約率（ストック型）
売掛保証（保証型ファクタリング,AV25,,=AU25+AV24-AV20,期末契約＝前月末＋新規－解約
売掛保証（保証型ファクタリング,AV5,=(AV11-AV20)*AV16*12,=AV25*AV16,"月次売上＝期末契約社数×taXel月額1,500円(16行)"
売掛保証（保証型ファクタリング,AV21,0.015,0.0175,月次解約率：Y1-2 2.0%／Y3-4 1.75%／Y5 1.5%（B2B SaaSで現実的な1.5〜2.0%帯、年数とともに逓減）
売掛保証（保証型ファクタリング,AV17,=AV16*AV11,=AV16*AV25,紹介費用の受注数参照を期末契約社数（月次）に統一
売掛保証（保証型ファクタリング,AW11,=AW6*AW7*AW8*AW9*AW10,=PRODUCT(AW6:AW10),累計獲得数＝顧問先×各種率（PRODUCTで統一、解約は下のストック計算で控除）
売掛保証（保証型ファクタリング,AW24,,=AW11-AV11,新規受注＝累計獲得数の当月増分
売掛保証（保証型ファクタリング,AW20,=AW11*AW21,=AV25*AW21,解約＝前月末契約社数×月次解約率（ストック型）
売掛保証（保証型ファクタリング,AW25,,=AV25+AW24-AW20,期末契約＝前月末＋新規－解約
売掛保証（保証型ファクタリング,AW5,=(AW11-AW20)*AW16*12,=AW25*AW16,"月次売上＝期末契約社数×taXel月額1,500円(16行)"
売掛保証（保証型ファクタリング,AW21,0.015,0.0175,月次解約率：Y1-2 2.0%／Y3-4 1.75%／Y5 1.5%（B2B SaaSで現実的な1.5〜2.0%帯、年数とともに逓減）
売掛保証（保証型ファクタリング,AW17,=AW16*AW11,=AW16*AW25,紹介費用の受注数参照を期末契約社数（月次）に統一
売掛保証（保証型ファクタリング,AX11,=AX6*AX7*AX8*AX9*AX10,=PRODUCT(AX6:AX10),累計獲得数＝顧問先×各種率（PRODUCTで統一、解約は下のストック計算で控除）
売掛保証（保証型ファクタリング,AX24,,=AX11-AW11,新規受注＝累計獲得数の当月増分
売掛保証（保証型ファクタリング,AX20,=AX11*AX21,=AW25*AX21,解約＝前月末契約社数×月次解約率（ストック型）
売掛保証（保証型ファクタリング,AX25,,=AW25+AX24-AX20,期末契約＝前月末＋新規－解約
売掛保証（保証型ファクタリング,AX5,=(AX11-AX20)*AX16*12,=AX25*AX16,"月次売上＝期末契約社数×taXel月額1,500円(16行)"
売掛保証（保証型ファクタリング,AX21,0.015,0.0175,月次解約率：Y1-2 2.0%／Y3-4 1.75%／Y5 1.5%（B2B SaaSで現実的な1.5〜2.0%帯、年数とともに逓減）
売掛保証（保証型ファクタリング,AX17,=AX16*AX11,=AX16*AX25,紹介費用の受注数参照を期末契約社数（月次）に統一
売掛保証（保証型ファクタリング,AY11,=AY6*AY7*AY8*AY9*AY10,=PRODUCT(AY6:AY10),累計獲得数＝顧問先×各種率（PRODUCTで統一、解約は下のストック計算で控除）
売掛保証（保証型ファクタリング,AY24,,=AY11-AX11,新規受注＝累計獲得数の当月増分
売掛保証（保証型ファクタリング,AY20,=AY11*AY21,=AX25*AY21,解約＝前月末契約社数×月次解約率（ストック型）
売掛保証（保証型ファクタリング,AY25,,=AX25+AY24-AY20,期末契約＝前月末＋新規－解約
売掛保証（保証型ファクタリング,AY5,=(AY11-AY20)*AY16*12,=AY25*AY16,"月次売上＝期末契約社数×taXel月額1,500円(16行)"
売掛保証（保証型ファクタリング,AY21,0.015,0.0175,月次解約率：Y1-2 2.0%／Y3-4 1.75%／Y5 1.5%（B2B SaaSで現実的な1.5〜2.0%帯、年数とともに逓減）
売掛保証（保証型ファクタリング,AY17,=AY16*AY11,=AY16*AY25,紹介費用の受注数参照を期末契約社数（月次）に統一
売掛保証（保証型ファクタリング,AZ11,=AZ6*AZ7*AZ8*AZ9*AZ10,=PRODUCT(AZ6:AZ10),累計獲得数＝顧問先×各種率（PRODUCTで統一、解約は下のストック計算で控除）
売掛保証（保証型ファクタリング,AZ24,,=AZ11-AY11,新規受注＝累計獲得数の当月増分
売掛保証（保証型ファクタリング,AZ20,=AZ11*AZ21,=AY25*AZ21,解約＝前月末契約社数×月次解約率（ストック型）
売掛保証（保証型ファクタリング,AZ25,,=AY25+AZ24-AZ20,期末契約＝前月末＋新規－解約
売掛保証（保証型ファクタリング,AZ5,=(AZ11-AZ20)*AZ16*12,=AZ25*AZ16,"月次売上＝期末契約社数×taXel月額1,500円(16行)"
売掛保証（保証型ファクタリング,AZ21,0.015,0.0175,月次解約率：Y1-2 2.0%／Y3-4 1.75%／Y5 1.5%（B2B SaaSで現実的な1.5〜2.0%帯、年数とともに逓減）
売掛保証（保証型ファクタリング,AZ17,=AZ16*AZ11,=AZ16*AZ25,紹介費用の受注数参照を期末契約社数（月次）に統一
売掛保証（保証型ファクタリング,BA11,=BA6*BA7*BA8*BA9*BA10,=PRODUCT(BA6:BA10),累計獲得数＝顧問先×各種率（PRODUCTで統一、解約は下のストック計算で控除）
売掛保証（保証型ファクタリング,BA24,,=BA11-AZ11,新規受注＝累計獲得数の当月増分
売掛保証（保証型ファクタリング,BA20,=BA11*BA21,=AZ25*BA21,解約＝前月末契約社数×月次解約率（ストック型）
売掛保証（保証型ファクタリング,BA25,,=AZ25+BA24-BA20,期末契約＝前月末＋新規－解約
売掛保証（保証型ファクタリング,BA5,=(BA11-BA20)*BA16*12,=BA25*BA16,"月次売上＝期末契約社数×taXel月額1,500円(16行)"
売掛保証（保証型ファクタリング,BA21,0.015,0.0175,月次解約率：Y1-2 2.0%／Y3-4 1.75%／Y5 1.5%（B2B SaaSで現実的な1.5〜2.0%帯、年数とともに逓減）
売掛保証（保証型ファクタリング,BA17,=BA16*BA11,=BA16*BA25,紹介費用の受注数参照を期末契約社数（月次）に統一
売掛保証（保証型ファクタリング,BB11,=BB6*BB7*BB8*BB9*BB10,=PRODUCT(BB6:BB10),累計獲得数＝顧問先×各種率（PRODUCTで統一、解約は下のストック計算で控除）
売掛保証（保証型ファクタリング,BB24,,=BB11-BA11,新規受注＝累計獲得数の当月増分
売掛保証（保証型ファクタリング,BB20,=BB11*BB21,=BA25*BB21,解約＝前月末契約社数×月次解約率（ストック型）
売掛保証（保証型ファクタリング,BB25,,=BA25+BB24-BB20,期末契約＝前月末＋新規－解約
売掛保証（保証型ファクタリング,BB5,=(BB11-BB20)*BB16*12,=BB25*BB16,"月次売上＝期末契約社数×taXel月額1,500円(16行)"
売掛保証（保証型ファクタリング,BB21,0.01,0.015,月次解約率：Y1-2 2.0%／Y3-4 1.75%／Y5 1.5%（B2B SaaSで現実的な1.5〜2.0%帯、年数とともに逓減）
売掛保証（保証型ファクタリング,BB17,=BB16*BB11,=BB16*BB25,紹介費用の受注数参照を期末契約社数（月次）に統一
売掛保証（保証型ファクタリング,BC11,=BC6*BC7*BC8*BC9*BC10,=PRODUCT(BC6:BC10),累計獲得数＝顧問先×各種率（PRODUCTで統一、解約は下のストック計算で控除）
売掛保証（保証型ファクタリング,BC24,,=BC11-BB11,新規受注＝累計獲得数の当月増分
売掛保証（保証型ファクタリング,BC20,=BC11*BC21,=BB25*BC21,解約＝前月末契約社数×月次解約率（ストック型）
売掛保証（保証型ファクタリング,BC25,,=BB25+BC24-BC20,期末契約＝前月末＋新規－解約
売掛保証（保証型ファクタリング,BC5,=(BC11-BC20)*BC16*12,=BC25*BC16,"月次売上＝期末契約社数×taXel月額1,500円(16行)"
売掛保証（保証型ファクタリング,BC21,0.01,0.015,月次解約率：Y1-2 2.0%／Y3-4 1.75%／Y5 1.5%（B2B SaaSで現実的な1.5〜2.0%帯、年数とともに逓減）
売掛保証（保証型ファクタリング,BC17,=BC16*BC11,=BC16*BC25,紹介費用の受注数参照を期末契約社数（月次）に統一
売掛保証（保証型ファクタリング,BD11,=BD6*BD7*BD8*BD9*BD10,=PRODUCT(BD6:BD10),累計獲得数＝顧問先×各種率（PRODUCTで統一、解約は下のストック計算で控除）
売掛保証（保証型ファクタリング,BD24,,=BD11-BC11,新規受注＝累計獲得数の当月増分
売掛保証（保証型ファクタリング,BD20,=BD11*BD21,=BC25*BD21,解約＝前月末契約社数×月次解約率（ストック型）
売掛保証（保証型ファクタリング,BD25,,=BC25+BD24-BD20,期末契約＝前月末＋新規－解約
売掛保証（保証型ファクタリング,BD5,=(BD11-BD20)*BD16*12,=BD25*BD16,"月次売上＝期末契約社数×taXel月額1,500円(16行)"
売掛保証（保証型ファクタリング,BD21,0.01,0.015,月次解約率：Y1-2 2.0%／Y3-4 1.75%／Y5 1.5%（B2B SaaSで現実的な1.5〜2.0%帯、年数とともに逓減）
売掛保証（保証型ファクタリング,BD17,=BD16*BD11,=BD16*BD25,紹介費用の受注数参照を期末契約社数（月次）に統一
売掛保証（保証型ファクタリング,BE11,=BE6*BE7*BE8*BE9*BE10,=PRODUCT(BE6:BE10),累計獲得数＝顧問先×各種率（PRODUCTで統一、解約は下のストック計算で控除）
売掛保証（保証型ファクタリング,BE24,,=BE11-BD11,新規受注＝累計獲得数の当月増分
売掛保証（保証型ファクタリング,BE20,=BE11*BE21,=BD25*BE21,解約＝前月末契約社数×月次解約率（ストック型）
売掛保証（保証型ファクタリング,BE25,,=BD25+BE24-BE20,期末契約＝前月末＋新規－解約
売掛保証（保証型ファクタリング,BE5,=(BE11-BE20)*BE16*12,=BE25*BE16,"月次売上＝期末契約社数×taXel月額1,500円(16行)"
売掛保証（保証型ファクタリング,BE21,0.01,0.015,月次解約率：Y1-2 2.0%／Y3-4 1.75%／Y5 1.5%（B2B SaaSで現実的な1.5〜2.0%帯、年数とともに逓減）
売掛保証（保証型ファクタリング,BE17,=BE16*BE11,=BE16*BE25,紹介費用の受注数参照を期末契約社数（月次）に統一
売掛保証（保証型ファクタリング,BF11,=BF6*BF7*BF8*BF9*BF10,=PRODUCT(BF6:BF10),累計獲得数＝顧問先×各種率（PRODUCTで統一、解約は下のストック計算で控除）
売掛保証（保証型ファクタリング,BF24,,=BF11-BE11,新規受注＝累計獲得数の当月増分
売掛保証（保証型ファクタリング,BF20,=BF11*BF21,=BE25*BF21,解約＝前月末契約社数×月次解約率（ストック型）
売掛保証（保証型ファクタリング,BF25,,=BE25+BF24-BF20,期末契約＝前月末＋新規－解約
売掛保証（保証型ファクタリング,BF5,=(BF11-BF20)*BF16*12,=BF25*BF16,"月次売上＝期末契約社数×taXel月額1,500円(16行)"
売掛保証（保証型ファクタリング,BF21,0.01,0.015,月次解約率：Y1-2 2.0%／Y3-4 1.75%／Y5 1.5%（B2B SaaSで現実的な1.5〜2.0%帯、年数とともに逓減）
売掛保証（保証型ファクタリング,BF17,=BF16*BF11,=BF16*BF25,紹介費用の受注数参照を期末契約社数（月次）に統一
売掛保証（保証型ファクタリング,BG11,=BG6*BG7*BG8*BG9*BG10,=PRODUCT(BG6:BG10),累計獲得数＝顧問先×各種率（PRODUCTで統一、解約は下のストック計算で控除）
売掛保証（保証型ファクタリング,BG24,,=BG11-BF11,新規受注＝累計獲得数の当月増分
売掛保証（保証型ファクタリング,BG20,=BG11*BG21,=BF25*BG21,解約＝前月末契約社数×月次解約率（ストック型）
売掛保証（保証型ファクタリング,BG25,,=BF25+BG24-BG20,期末契約＝前月末＋新規－解約
売掛保証（保証型ファクタリング,BG5,=(BG11-BG20)*BG16*12,=BG25*BG16,"月次売上＝期末契約社数×taXel月額1,500円(16行)"
売掛保証（保証型ファクタリング,BG21,0.01,0.015,月次解約率：Y1-2 2.0%／Y3-4 1.75%／Y5 1.5%（B2B SaaSで現実的な1.5〜2.0%帯、年数とともに逓減）
売掛保証（保証型ファクタリング,BG17,=BG16*BG11,=BG16*BG25,紹介費用の受注数参照を期末契約社数（月次）に統一
売掛保証（保証型ファクタリング,BH11,=BH6*BH7*BH8*BH9*BH10,=PRODUCT(BH6:BH10),累計獲得数＝顧問先×各種率（PRODUCTで統一、解約は下のストック計算で控除）
売掛保証（保証型ファクタリング,BH24,,=BH11-BG11,新規受注＝累計獲得数の当月増分
売掛保証（保証型ファクタリング,BH20,=BH11*BH21,=BG25*BH21,解約＝前月末契約社数×月次解約率（ストック型）
売掛保証（保証型ファクタリング,BH25,,=BG25+BH24-BH20,期末契約＝前月末＋新規－解約
売掛保証（保証型ファクタリング,BH5,=(BH11-BH20)*BH16*12,=BH25*BH16,"月次売上＝期末契約社数×taXel月額1,500円(16行)"
売掛保証（保証型ファクタリング,BH21,0.01,0.015,月次解約率：Y1-2 2.0%／Y3-4 1.75%／Y5 1.5%（B2B SaaSで現実的な1.5〜2.0%帯、年数とともに逓減）
売掛保証（保証型ファクタリング,BH17,=BH16*BH11,=BH16*BH25,紹介費用の受注数参照を期末契約社数（月次）に統一
売掛保証（保証型ファクタリング,BI11,=BI6*BI7*BI8*BI9*BI10,=PRODUCT(BI6:BI10),累計獲得数＝顧問先×各種率（PRODUCTで統一、解約は下のストック計算で控除）
売掛保証（保証型ファクタリング,BI24,,=BI11-BH11,新規受注＝累計獲得数の当月増分
売掛保証（保証型ファクタリング,BI20,=BI11*BI21,=BH25*BI21,解約＝前月末契約社数×月次解約率（ストック型）
売掛保証（保証型ファクタリング,BI25,,=BH25+BI24-BI20,期末契約＝前月末＋新規－解約
売掛保証（保証型ファクタリング,BI5,=(BI11-BI20)*BI16*12,=BI25*BI16,"月次売上＝期末契約社数×taXel月額1,500円(16行)"
売掛保証（保証型ファクタリング,BI21,0.01,0.015,月次解約率：Y1-2 2.0%／Y3-4 1.75%／Y5 1.5%（B2B SaaSで現実的な1.5〜2.0%帯、年数とともに逓減）
売掛保証（保証型ファクタリング,BI17,=BI16*BI11,=BI16*BI25,紹介費用の受注数参照を期末契約社数（月次）に統一
売掛保証（保証型ファクタリング,BJ11,=BJ6*BJ7*BJ8*BJ9*BJ10,=PRODUCT(BJ6:BJ10),累計獲得数＝顧問先×各種率（PRODUCTで統一、解約は下のストック計算で控除）
売掛保証（保証型ファクタリング,BJ24,,=BJ11-BI11,新規受注＝累計獲得数の当月増分
売掛保証（保証型ファクタリング,BJ20,=BJ11*BJ21,=BI25*BJ21,解約＝前月末契約社数×月次解約率（ストック型）
売掛保証（保証型ファクタリング,BJ25,,=BI25+BJ24-BJ20,期末契約＝前月末＋新規－解約
売掛保証（保証型ファクタリング,BJ5,=(BJ11-BJ20)*BJ16*12,=BJ25*BJ16,"月次売上＝期末契約社数×taXel月額1,500円(16行)"
売掛保証（保証型ファクタリング,BJ21,0.01,0.015,月次解約率：Y1-2 2.0%／Y3-4 1.75%／Y5 1.5%（B2B SaaSで現実的な1.5〜2.0%帯、年数とともに逓減）
売掛保証（保証型ファクタリング,BJ17,=BJ16*BJ11,=BJ16*BJ25,紹介費用の受注数参照を期末契約社数（月次）に統一
売掛保証（保証型ファクタリング,BK11,=BK6*BK7*BK8*BK9*BK10,=PRODUCT(BK6:BK10),累計獲得数＝顧問先×各種率（PRODUCTで統一、解約は下のストック計算で控除）
売掛保証（保証型ファクタリング,BK24,,=BK11-BJ11,新規受注＝累計獲得数の当月増分
売掛保証（保証型ファクタリング,BK20,=BK11*BK21,=BJ25*BK21,解約＝前月末契約社数×月次解約率（ストック型）
売掛保証（保証型ファクタリング,BK25,,=BJ25+BK24-BK20,期末契約＝前月末＋新規－解約
売掛保証（保証型ファクタリング,BK5,=(BK11-BK20)*BK16*12,=BK25*BK16,"月次売上＝期末契約社数×taXel月額1,500円(16行)"
売掛保証（保証型ファクタリング,BK21,0.01,0.015,月次解約率：Y1-2 2.0%／Y3-4 1.75%／Y5 1.5%（B2B SaaSで現実的な1.5〜2.0%帯、年数とともに逓減）
売掛保証（保証型ファクタリング,BK17,=BK16*BK11,=BK16*BK25,紹介費用の受注数参照を期末契約社数（月次）に統一
売掛保証（保証型ファクタリング,BL11,=BL6*BL7*BL8*BL9*BL10,=PRODUCT(BL6:BL10),累計獲得数＝顧問先×各種率（PRODUCTで統一、解約は下のストック計算で控除）
売掛保証（保証型ファクタリング,BL24,,=BL11-BK11,新規受注＝累計獲得数の当月増分
売掛保証（保証型ファクタリング,BL20,=BL11*BL21,=BK25*BL21,解約＝前月末契約社数×月次解約率（ストック型）
売掛保証（保証型ファクタリング,BL25,,=BK25+BL24-BL20,期末契約＝前月末＋新規－解約
売掛保証（保証型ファクタリング,BL5,=(BL11-BL20)*BL16*12,=BL25*BL16,"月次売上＝期末契約社数×taXel月額1,500円(16行)"
売掛保証（保証型ファクタリング,BL21,0.01,0.015,月次解約率：Y1-2 2.0%／Y3-4 1.75%／Y5 1.5%（B2B SaaSで現実的な1.5〜2.0%帯、年数とともに逓減）
売掛保証（保証型ファクタリング,BL17,=BL16*BL11,=BL16*BL25,紹介費用の受注数参照を期末契約社数（月次）に統一
売掛保証（保証型ファクタリング,BM11,=BM6*BM7*BM8*BM9*BM10,=PRODUCT(BM6:BM10),累計獲得数＝顧問先×各種率（PRODUCTで統一、解約は下のストック計算で控除）
売掛保証（保証型ファクタリング,BM24,,=BM11-BL11,新規受注＝累計獲得数の当月増分
売掛保証（保証型ファクタリング,BM20,=BM11*BM21,=BL25*BM21,解約＝前月末契約社数×月次解約率（ストック型）
売掛保証（保証型ファクタリング,BM25,,=BL25+BM24-BM20,期末契約＝前月末＋新規－解約
売掛保証（保証型ファクタリング,BM5,=(BM11-BM20)*BM16*12,=BM25*BM16,"月次売上＝期末契約社数×taXel月額1,500円(16行)"
売掛保証（保証型ファクタリング,BM21,0.01,0.015,月次解約率：Y1-2 2.0%／Y3-4 1.75%／Y5 1.5%（B2B SaaSで現実的な1.5〜2.0%帯、年数とともに逓減）
売掛保証（保証型ファクタリング,BM17,=BM16*BM11,=BM16*BM25,紹介費用の受注数参照を期末契約社数（月次）に統一
売掛保証（保証型ファクタリング,BN5,=(BN11-BN20)*BN16*12,=SUM(F5:Q5),年間売上＝M1〜M12の月次売上の合計(SUM)
売掛保証（保証型ファクタリング,BN18,105,=Q18,年次列の税理士数を期末月にリンク（直値→参照）
売掛保証（保証型ファクタリング,BN11,=BN6*BN7*BN8*BN9*BN10,=PRODUCT(BN6:BN10),累計獲得数（期末）
売掛保証（保証型ファクタリング,BN24,,=SUM(F24:Q24),年間新規受注＝月次合計
売掛保証（保証型ファクタリング,BN25,,=Q25,期末契約社数＝期末月の値
売掛保証（保証型ファクタリング,BN21,0.01,=AVERAGE(F21:Q21),年次列の解約率＝月次解約率の年平均（旧：12%/1%の不揃いな表示値）
売掛保証（保証型ファクタリング,BN17,0,=SUM(F17:Q17),年間紹介費用＝月次合計
売掛保証（保証型ファクタリング,BO5,=(BO11-BO20)*BO16*12,=SUM(R5:AC5),年間売上＝M1〜M12の月次売上の合計(SUM)
売掛保証（保証型ファクタリング,BO18,274,=AC18,年次列の税理士数を期末月にリンク（直値→参照）
売掛保証（保証型ファクタリング,BO11,=BO6*BO7*BO8*BO9*BO10,=PRODUCT(BO6:BO10),累計獲得数（期末）
売掛保証（保証型ファクタリング,BO24,,=SUM(R24:AC24),年間新規受注＝月次合計
売掛保証（保証型ファクタリング,BO25,,=AC25,期末契約社数＝期末月の値
売掛保証（保証型ファクタリング,BO21,0.01,=AVERAGE(R21:AC21),年次列の解約率＝月次解約率の年平均（旧：12%/1%の不揃いな表示値）
売掛保証（保証型ファクタリング,BO17,=BO16*BO11,=SUM(R17:AC17),年間紹介費用＝月次合計
売掛保証（保証型ファクタリング,BP5,=(BP11-BP20)*BP16*12,=SUM(AD5:AO5),年間売上＝M1〜M12の月次売上の合計(SUM)
売掛保証（保証型ファクタリング,BP18,506,=AO18,年次列の税理士数を期末月にリンク（直値→参照）
売掛保証（保証型ファクタリング,BP11,=BP6*BP7*BP8*BP9*BP10,=PRODUCT(BP6:BP10),累計獲得数（期末）
売掛保証（保証型ファクタリング,BP24,,=SUM(AD24:AO24),年間新規受注＝月次合計
売掛保証（保証型ファクタリング,BP25,,=AO25,期末契約社数＝期末月の値
売掛保証（保証型ファクタリング,BP21,0.01,=AVERAGE(AD21:AO21),年次列の解約率＝月次解約率の年平均（旧：12%/1%の不揃いな表示値）
売掛保証（保証型ファクタリング,BP17,=BP16*BP11,=SUM(AD17:AO17),年間紹介費用＝月次合計
売掛保証（保証型ファクタリング,BQ5,=(BQ11-BQ20)*BQ16*12,=SUM(AP5:BA5),年間売上＝M1〜M12の月次売上の合計(SUM)
売掛保証（保証型ファクタリング,BQ18,778,=BA18,年次列の税理士数を期末月にリンク（直値→参照）
売掛保証（保証型ファクタリング,BQ11,=BQ6*BQ7*BQ8*BQ9*BQ10,=PRODUCT(BQ6:BQ10),累計獲得数（期末）
売掛保証（保証型ファクタリング,BQ24,,=SUM(AP24:BA24),年間新規受注＝月次合計
売掛保証（保証型ファクタリング,BQ25,,=BA25,期末契約社数＝期末月の値
売掛保証（保証型ファクタリング,BQ21,0.01,=AVERAGE(AP21:BA21),年次列の解約率＝月次解約率の年平均（旧：12%/1%の不揃いな表示値）
売掛保証（保証型ファクタリング,BQ17,=BQ16*BQ11,=SUM(AP17:BA17),年間紹介費用＝月次合計
売掛保証（保証型ファクタリング,BR5,=(BR11-BR20)*BR16*12,=SUM(BB5:BM5),年間売上＝M1〜M12の月次売上の合計(SUM)
売掛保証（保証型ファクタリング,BR18,1138,=BM18,年次列の税理士数を期末月にリンク（直値→参照）
売掛保証（保証型ファクタリング,BR11,=BR6*BR7*BR8*BR9*BR10,=PRODUCT(BR6:BR10),累計獲得数（期末）
売掛保証（保証型ファクタリング,BR24,,=SUM(BB24:BM24),年間新規受注＝月次合計
売掛保証（保証型ファクタリング,BR25,,=BM25,期末契約社数＝期末月の値
売掛保証（保証型ファクタリング,BR21,0.01,=AVERAGE(BB21:BM21),年次列の解約率＝月次解約率の年平均（旧：12%/1%の不揃いな表示値）
売掛保証（保証型ファクタリング,BR17,=BR16*BR11,=SUM(BB17:BM17),年間紹介費用＝月次合計
売掛保証（保証型ファクタリング,D20,【修正】解約予想数＝粗受注数(11行)×解約率(21行)に統一（誤った参照/手数料率混入を修正）,解約予想数＝前月末契約社数×月次解約率（ストック型）,旧注記が旧ロジックを説明していたため更新
